ms,valve_a_pct,valve_b_pct,q_des_csv,qdes,qdes_esn,pid_u,adc0_raw,adc0_volt,adc0_kpa,adc1_raw,adc1_volt,adc1_kpa,tension_0x2B,tension_0x2A,enc_deg,esn_weights=,esn_alpha=0.0,esn_model=/home/hosodalab2/Desktop/MyRobot/MyRobot_RasPi_Desktop_Mix/desktop/data/esn/esn_full_reference6.npz,angle_unit=deg
0,50.0,50.0,0.8834298957813722,0.0,0.0,0.0,2790,3.406593406593407,362.184065934066,2789,3.4053724053724057,362.00183150183153,2.5980443588275874,2.574243951476162,0.0
33,50.0,50.0,1.319036213330032,0.0,0.0,0.0,2692,3.286935286935287,344.32509157509156,2715,3.315018315018315,348.51648351648345,2.5937830014122234,2.574243951476162,0.0
66,49.939232476833844,50.060767523166156,1.758949525173596,-0.4091021922102569,-0.4091021922102569,-0.1215350463323131,2594,3.167277167277167,326.4661172161172,2588,3.15995115995116,325.3727106227106,2.5937830014122234,2.5266294352513072,-0.087890625
100,49.924590717755464,50.075409282244536,1.9316316559993016,-0.4091021922102569,-0.4091021922102569,-0.15081856448907047,2494,3.045177045177045,308.242673992674,2484,3.032967032967033,306.42032967032964,2.500373342430407,2.383171161831539,-0.087890625
132,49.923265720040725,50.076734279959275,1.934,-0.4091021922102569,-0.4091021922102569,-0.15346855991855507,2463,3.0073260073260073,302.59340659340654,2467,3.012210012210012,303.3223443223443,2.390951138432738,2.2682249629576505,-0.087890625
165,49.982708245492134,50.017291754507866,1.934,0.0,0.0,-0.034583509015726585,2443,2.982905982905983,298.94871794871796,2448,2.989010989010989,299.8598901098901,2.3351583407877863,2.2682249629576505,0.0
198,50.44089468378082,49.55910531621918,2.349007539592587,2.9482496931726168,2.9482496931726168,0.8817893675616406,2443,2.982905982905983,298.94871794871796,2445,2.9853479853479854,299.3131868131868,2.3351583407877863,2.245764086973261,0.615234375
231,51.20099271125033,48.79900728874967,2.787079393412623,7.108617345147287,7.108617345147287,2.401985422500661,2448,2.989010989010989,299.8598901098901,2440,2.9792429792429793,298.40201465201466,2.3554075154551435,2.2460640570548405,1.40625
264,51.9455374158681,48.0544625841319,3.1434341333286526,11.025812148327681,11.025812148327681,3.8910748317362023,2445,2.9853479853479854,299.3131868131868,2431,2.9682539682539684,296.76190476190476,2.3734821546505716,2.2455509386570447,2.197265625
297,52.51530135511723,47.48469864488277,3.244702563763048,13.983659147340099,13.983659147340099,5.030602710234467,2472,3.0183150183150182,304.2335164835165,2396,2.925518925518926,290.3836996336996,2.3585715477897016,2.2455509386570447,2.900390625
330,53.16341397646381,46.83658602353619,3.252,17.73550632066437,17.73550632066437,6.32682795292761,2502,3.054945054945055,309.7005494505495,2375,2.8998778998779002,286.5567765567766,2.3585715477897016,2.246049973145437,3.8671875
363,54.105842279844026,45.894157720155974,3.252,22.97729645706707,22.97729645706707,8.211684559688045,2540,3.1013431013431014,316.62545787545787,2354,2.874236874236874,282.72985347985343,2.3516026360917928,2.245963182545986,5.09765625
396,55.35351860399901,44.64648139600099,3.1740936414122665,29.4432399012983,29.4432399012983,10.707037207998017,2572,3.1404151404151404,322.4569597069597,2325,2.8388278388278385,277.4450549450549,2.3592954742194365,2.2456798313802895,6.416015625
429,56.98456237152019,43.01543762847981,3.0089263626651372,38.00408472442855,38.00408472442855,13.96912474304038,2618,3.1965811965811963,330.83974358974353,2292,2.7985347985347984,271.43131868131866,2.365579033292749,2.2456798313802895,8.0859375
462,58.625154224499845,41.374845775500155,2.910484578669071,46.543388283977094,46.543388283977094,17.25030844899969,2663,3.2515262515262515,339.040293040293,2232,2.725274725274725,260.4972527472527,2.365579033292749,2.246378059577734,9.931640625
495,59.98772314594014,40.01227685405986,2.824776300707842,54.07894661856315,54.07894661856315,19.975446291880267,2723,3.3247863247863245,349.9743589743589,2176,2.656898656898657,250.29212454212453,2.3547812501430574,2.2458228168417835,12.041015625
528,60.8212027857338,39.1787972142662,2.812,58.61335284352438,58.61335284352438,21.642405571467613,2776,3.38949938949939,359.63278388278394,2125,2.5946275946275947,240.99816849816852,2.324047932212743,2.2461682591993624,13.88671875
561,61.29576098482147,38.70423901517853,2.812,60.697287490998384,60.697287490998384,22.59152196964294,2811,3.4322344322344325,366.0109890109891,2086,2.547008547008547,233.8910256410256,2.2708513304185955,2.2461682591993624,15.1171875
594,61.54979585367846,38.45020414632154,2.812,62.06836093515372,62.06836093515372,23.099591707356925,2835,3.4615384615384617,370.38461538461536,2076,2.5347985347985347,232.0686813186813,2.2708513304185955,2.2459280326395294,16.259765625
627,61.72740846664205,38.27259153335795,2.9564006506664056,62.87047978176813,62.87047978176813,23.454816933284103,2850,3.47985347985348,373.11813186813185,2065,2.5213675213675213,230.06410256410254,2.238016772906231,2.2455368595736087,17.2265625
660,62.021485856235756,37.978514143764244,3.1323694026664985,62.98532358712121,62.98532358712121,24.04297171247152,2844,3.4725274725274726,372.0247252747253,2064,2.52014652014652,229.88186813186812,2.2396582470064885,2.246025240747056,17.40234375
693,62.23614917079116,37.76385082920884,3.304110752936069,62.98532358712121,62.98532358712121,24.472298341582317,2850,3.47985347985348,373.11813186813185,2063,2.518925518925519,229.69963369963367,2.2374366210377654,2.246025240747056,17.40234375
726,62.42417896261928,37.57582103738072,3.5484834879991833,62.98532358712121,62.98532358712121,24.848357925238567,2862,3.4945054945054945,375.30494505494505,2056,2.5103785103785103,228.42399267399267,2.2374366210377654,2.2463921465731667,17.40234375
759,62.61220875444741,37.38779124555259,3.881267589172835,62.98532358712121,62.98532358712121,25.224417508894817,2869,3.503052503052503,376.5805860805861,2065,2.5213675213675213,230.06410256410254,2.2339083103172497,2.2457219585840646,17.40234375
792,62.689760408775655,37.310239591224345,4.358740233480268,63.23446149426629,63.23446149426629,25.37952081755131,2869,3.503052503052503,376.5805860805861,2040,2.490842490842491,225.50824175824175,2.227803330516106,2.2458228168417835,17.841796875
825,62.92005523765275,37.07994476234725,4.950245213333285,63.278053856085286,63.278053856085286,25.840110475305494,2875,3.5103785103785103,377.67399267399264,2039,2.4896214896214897,225.32600732600733,2.221223271854264,2.2458228168417835,17.9296875
858,63.120434010235236,36.879565989764764,5.765840813270849,63.278053856085286,63.278053856085286,26.240868020470472,2883,3.5201465201465205,379.13186813186815,2018,2.463980463980464,221.49908424908426,2.221223271854264,2.246120165000848,17.9296875
891,63.331029740949646,36.668970259050354,6.430540685596854,63.23446149426629,63.23446149426629,26.6620594818993,2896,3.5360195360195363,381.5009157509158,2017,2.462759462759463,221.3168498168498,2.205624246553921,2.2456939118083583,17.841796875
924,63.45742896800658,36.54257103199342,7.045674467251402,63.31964607118329,63.31964607118329,26.914857936013163,2895,3.534798534798535,381.31868131868134,2024,2.4713064713064714,222.59249084249086,2.179145258347487,2.245798088195297,18.017578125
957,63.694928554650204,36.305071445349796,7.6556173781716605,63.278053856085286,63.278053856085286,27.389857109300404,2906,3.5482295482295485,383.32326007326014,2015,2.46031746031746,220.9523809523809,2.179301634966644,2.245798088195297,17.9296875
990,63.93786030607096,36.06213969392904,8.133563585875265,63.14114315984174,63.14114315984174,27.87572061214191,2922,3.567765567765568,386.23901098901104,2005,2.448107448107448,219.13003663003659,2.179301634966644,2.2457008948340027,17.666015625
1023,64.17092260765138,35.82907739234862,8.569002291473868,62.92902142470549,62.92902142470549,28.341845215302754,2919,3.5641025641025643,385.69230769230774,2003,2.4456654456654454,218.7655677655677,2.1793915947138736,2.2455579210158323,17.314453125
1056,64.3454625924673,35.6545374075327,9.008592639988095,62.80966319221315,62.80966319221315,28.6909251849346,2918,3.562881562881563,385.5100732600733,1983,2.421245421245421,215.1208791208791,2.1792284236631967,2.2457710703262252,17.138671875
1089,64.50722190892353,35.492778091076474,9.498483350989378,62.80966319221315,62.80966319221315,29.01444381784706,2917,3.561660561660562,385.32783882783883,1978,2.415140415140415,214.20970695970692,2.1793439875844114,2.2457710703262252,17.138671875
1122,64.65596781207286,35.34403218792715,9.961656385506013,62.92902142470549,62.92902142470549,29.311935624145708,2926,3.572649572649573,386.96794871794873,1973,2.409035409035409,213.29853479853477,2.1793439875844114,2.2453518978962244,17.314453125
1155,64.85015909987621,35.14984090012379,10.519235413325214,62.98532358712121,62.98532358712121,29.700318199752413,2934,3.5824175824175826,388.4258241758242,1977,2.413919413919414,214.0274725274725,2.179663806120921,2.2455298773130528,17.40234375
1188,65.05150565306796,34.94849434693203,11.06502611548367,62.98532358712121,62.98532358712121,30.103011306135937,2955,3.608058608058608,392.2527472527472,1966,2.4004884004884004,212.02289377289378,2.179622976631779,2.245358879326681,17.40234375
1221,65.28022358908967,34.71977641091032,11.642805364098834,62.87047978176813,62.87047978176813,30.560447178179356,2945,3.595848595848596,390.4304029304029,1959,2.391941391941392,210.74725274725273,2.1794052752120248,2.245358879326681,17.2265625
1254,65.49894743426725,34.50105256573275,12.202125088003697,62.68106178196783,62.68106178196783,30.99789486853451,2955,3.608058608058608,392.2527472527472,1946,2.376068376068376,208.3782051282051,2.1794052752120248,2.2455159128896396,16.962890625
1287,65.66552186497177,34.33447813502823,12.665058009646181,62.613204517937056,62.613204517937056,31.331043729943545,2954,3.606837606837607,392.0705128205128,1947,2.3772893772893773,208.56043956043953,2.180412294571639,2.246413220049485,16.875
1320,65.84087519724463,34.15912480275537,13.152771325754443,62.613204517937056,62.613204517937056,31.681750394489256,2965,3.6202686202686203,394.07509157509156,1927,2.352869352869353,204.91575091575092,2.180194474888152,2.269144173023692,16.875
1353,66.04692444158472,33.95307555841528,13.628431133330022,62.54292743209438,62.54292743209438,32.093848883169436,2980,3.6385836385836385,396.808608058608,1934,2.3614163614163615,206.19139194139194,2.1797521462341183,2.269144173023692,16.787109375
1386,66.23916295185913,33.76083704814087,14.11000112949912,62.47019358168862,62.47019358168862,32.47832590371826,2989,3.6495726495726495,398.44871794871796,1936,2.363858363858364,206.5558608058608,2.1797521462341183,2.285943496049046,16.69921875
1419,66.46160310566727,33.538396894332735,14.67078772130714,62.23687791246698,62.23687791246698,32.923206211334524,2999,3.6617826617826617,400.27106227106225,1922,2.346764346764347,204.00457875457874,2.1795261069647167,2.2974921708262954,16.435546875
1452,66.63889226778629,33.36110773221371,15.239319125487128,62.06836093515372,62.06836093515372,33.277784535572586,2999,3.6617826617826617,400.27106227106225,1918,2.341880341880342,203.27564102564102,2.1797589334290315,2.3183964107955624,16.259765625
1485,66.85033702299002,33.14966297700998,15.764504570507503,61.69880840544435,61.69880840544435,33.70067404598004,3010,3.6752136752136755,402.27564102564105,1915,2.3382173382173383,202.72893772893775,2.1792761364407687,2.3183964107955624,15.908203125
1518,67.00662112918899,32.993378870811014,16.18872719998844,61.49714866977571,61.49714866977571,34.01324225837797,3010,3.6752136752136755,402.27564102564105,1898,2.3174603174603177,199.6309523809524,2.1792761364407687,2.3466782534520507,15.732421875
1551,67.16876710449016,32.83123289550984,16.540369687550115,61.49714866977571,61.49714866977571,34.33753420898032,3005,3.669108669108669,401.3644688644688,1899,2.318681318681319,199.81318681318683,2.179547997850099,2.353691721204854,15.732421875
1584,67.34754621412978,32.65245378587022,16.840113427519405,61.59941828712817,61.59941828712817,34.69509242825956,3022,3.68986568986569,404.46245421245425,1894,2.312576312576313,198.90201465201469,2.1791061941780803,2.357649067826246,15.8203125
1617,67.51575224347845,32.484247756521555,17.00857557866404,61.889107924710316,61.889107924710316,35.031504486956884,3036,3.706959706959707,407.0137362637363,1897,2.3162393162393164,199.44871794871796,2.178961654943177,2.357649067826246,16.083984375
1650,67.67544602670827,32.32455397329173,17.14230075199351,62.317206440947466,62.317206440947466,35.35089205341654,3034,3.7045177045177047,406.64926739926744,1885,2.3015873015873014,197.26190476190473,2.178961654943177,2.3577893326566217,16.5234375
1683,67.78983323012085,32.21016676987915,17.31484559411885,62.87047978176813,62.87047978176813,35.5796664602417,3036,3.706959706959707,407.0137362637363,1885,2.3015873015873014,197.26190476190473,2.179337202327452,2.3379024573722926,17.2265625
1716,67.86150467961075,32.138495320389254,17.487653573326998,63.35927101502434,63.35927101502434,35.723009359221486,3049,3.722832722832723,409.3827838827839,1884,2.3003663003663,197.0796703296703,2.1793101710538294,2.307447599082426,18.10546875
1749,67.79547938521688,32.204520614783114,17.663674773330257,63.7250586504291,63.7250586504291,35.59095877043377,3031,3.700854700854701,406.10256410256414,1863,2.2747252747252746,193.25274725274724,2.179131580297514,2.307447599082426,19.3359375
1782,67.67575414759841,32.32424585240159,17.881402245876036,63.788156965728724,63.788156965728724,35.351508295196815,3037,3.7081807081807083,407.1959706959707,1863,2.2747252747252746,193.25274725274724,2.179131580297514,2.259981770440686,20.654296875
1815,67.58074602646207,32.41925397353794,18.097929473485017,63.63187704381056,63.63187704381056,35.16149205292412,3046,3.7191697191697193,408.8360805860806,1879,2.294261294261294,196.16849816849813,2.179643445964165,2.2456377053618928,21.796875
1848,67.61802970123131,32.381970298768685,18.27320870399483,63.45974457387962,63.45974457387962,35.23605940246263,3038,3.7094017094017095,407.37820512820514,1882,2.2979242979242978,196.71520146520143,2.179262566592283,2.2456658655580615,22.5
1881,67.65504729120784,32.344952708792164,18.4470736155232,63.299545942051154,63.299545942051154,35.31009458241567,3045,3.717948717948718,408.65384615384613,1879,2.294261294261294,196.16849816849813,2.179145258347487,2.2456658655580615,23.02734375
1914,67.69829136586712,32.30170863413288,18.62000310400113,63.14848817876111,63.14848817876111,35.39658273173425,3030,3.6996336996337,405.9203296703297,1869,2.282051282051282,194.34615384615384,2.179145258347487,2.2459069659900996,23.466796875
1947,67.68099638044696,32.319003619553044,18.795555801515132,62.948876107829264,62.948876107829264,35.36199276089391,3040,3.711843711843712,407.742673992674,1880,2.2954822954822953,196.35073260073258,2.1797929793528095,2.2459351312512115,23.994140625
1980,67.75428657061998,32.24571342938002,18.968865221642655,62.806025056364724,62.806025056364724,35.50857314123996,3035,3.705738705738706,406.83150183150184,1864,2.275946275946276,193.43498168498166,2.1790517030577385,2.245586079711273,24.345703125
2013,67.9241224637297,32.0758775362703,19.14198028800202,62.76920530999568,62.76920530999568,35.8482449274594,3040,3.711843711843712,407.742673992674,1862,2.2735042735042734,193.0705128205128,2.1792080696064575,2.245586079711273,24.43359375
2046,68.09557362277832,31.904426377221682,19.28284025066765,62.76920530999568,62.76920530999568,36.191147245556635,3058,3.733821733821734,411.0228937728937,1882,2.2979242979242978,196.71520146520143,2.1792080696064575,2.246049973145437,24.43359375
2079,68.16926087860834,31.830739121391655,19.403629128471387,62.6943206687886,62.6943206687886,36.33852175721669,3049,3.722832722832723,409.3827838827839,1855,2.264957264957265,191.7948717948718,2.1793084200574975,2.2459561982969287,24.609375
2112,68.22564558383681,31.774354416163185,19.544209007996912,62.57905187054721,62.57905187054721,36.45129116767363,3053,3.727716727716728,410.1117216117216,1867,2.2796092796092795,193.98168498168496,2.1790925164959023,2.2455159128896396,24.873046875
2145,68.33581098672498,31.66418901327502,19.631267036706053,62.50037339748269,62.50037339748269,36.67162197344996,3058,3.733821733821734,411.0228937728937,1854,2.2637362637362637,191.61263736263734,2.1793219903342673,2.2455159128896396,25.048828125
2178,68.47415162858022,31.525848371419784,19.717207284091238,62.460516344709184,62.460516344709184,36.94830325716043,3056,3.7313797313797314,410.65842490842493,1859,2.2698412698412698,192.52380952380952,2.1793219903342673,2.2456798313802895,25.13671875
2211,68.55564106008157,31.444358939918434,19.80457053866412,62.37981808832409,62.37981808832409,37.11128212016313,3064,3.741147741147741,412.1163003663004,1858,2.2686202686202686,192.34157509157507,2.1795752524633083,2.245886014127322,25.3125
2244,68.64910199047492,31.35089800952509,19.922037338661884,62.29787423568911,62.29787423568911,37.29820398094982,3062,3.7387057387057387,411.7518315018315,1845,2.2527472527472527,189.97252747252747,2.1794580284189093,2.2459701668276235,25.48828125
2277,68.74123040447485,31.258769595525152,20.067657935059724,62.21476232821514,62.21476232821514,37.482460808949696,3062,3.7387057387057387,411.7518315018315,1837,2.242979242979243,188.514652014652,2.1795261069647167,2.2459701668276235,25.6640625
2310,68.83203875514447,31.167961244855537,20.181161322667883,62.130557250041775,62.130557250041775,37.66407751028893,3075,3.7545787545787546,414.12087912087907,1840,2.2466422466422467,189.06135531135533,2.1795261069647167,2.245619962420873,25.83984375
2343,68.96498375214068,31.035016247859325,20.355143840942073,62.08806746487663,62.08806746487663,37.92996750428135,3076,3.755799755799756,414.3031135531136,1832,2.236874236874237,187.60347985347985,2.1792829214125407,2.246221050085999,25.927734375
2376,69.04051796998417,30.959482030015835,20.551325406447642,62.002357407346636,62.002357407346636,38.08103593996833,3071,3.7496947496947497,413.3919413919414,1840,2.2466422466422467,189.06135531135533,2.179595721123414,2.2457008948340027,26.103515625
2409,69.12807877653887,30.87192122346113,20.814643167991193,61.91573024580212,61.91573024580212,38.25615755307774,3085,3.7667887667887667,415.9432234432234,1839,2.2454212454212454,188.87912087912088,2.1797248883028857,2.2457008948340027,26.279296875
2442,69.21436088576078,30.785639114239224,21.10248345435728,61.82825213686669,61.82825213686669,38.42872177152155,3081,3.761904761904762,415.2142857142857,1830,2.2344322344322345,187.239010989011,2.1797248883028857,2.2460710418070176,26.455078125
2475,69.34316392271208,30.65683607728792,21.450983182106835,61.78421401047023,61.78421401047023,38.68632784542416,3085,3.7667887667887667,415.9432234432234,1829,2.2332112332112333,187.05677655677655,2.1797997667384394,2.24610619507079,26.54296875
2508,69.45806240515186,30.541937594848136,21.774634568003588,61.73998690115781,61.73998690115781,38.91612481030373,3102,3.7875457875457874,419.04120879120876,1824,2.227106227106227,186.1456043956044,2.179173927958081,2.2457500058851942,26.630859375
2541,69.52850372666566,30.47149627333434,22.037671293535098,61.65099609058294,61.65099609058294,39.05700745333132,3093,3.7765567765567765,417.40109890109886,1815,2.2161172161172162,184.50549450549454,2.179650232651386,2.2457500058851942,26.806640625
2574,69.61101596635893,30.38898403364106,22.25688948917462,61.56133905414379,61.56133905414379,39.22203193271788,3104,3.78998778998779,419.4056776556776,1817,2.2185592185592187,184.8699633699634,2.179650232651386,2.2463603078616234,26.982421875
2607,69.69229280970532,30.307707190294686,22.36154453333095,61.471073002256006,61.471073002256006,39.38458561941063,3090,3.772893772893773,416.85439560439556,1817,2.2185592185592187,184.8699633699634,2.1796893114509883,2.245899982003264,27.158203125
2640,69.81642088266875,30.18357911733125,22.5,61.42572890449847,61.42572890449847,39.6328417653375,3110,3.797313797313797,420.4990842490842,1805,2.203907203907204,182.68315018315022,2.179696098352426,2.246120165000848,27.24609375
2673,69.88254692845007,30.117453071549935,22.5,61.33465207509196,61.33465207509196,39.76509385690013,3119,3.808302808302808,422.1391941391941,1811,2.2112332112332114,183.7765567765568,2.1796161900718563,2.246120165000848,27.421875
2706,70.00493798995606,29.995062010043945,22.5,61.28893237643427,61.28893237643427,40.00987597991211,3118,3.807081807081807,421.95695970695965,1805,2.203907203907204,182.68315018315022,2.1796161900718563,2.2464693410795142,27.509765625
2739,70.06925216422425,29.93074783577575,22.483819010667037,61.19716208862763,61.19716208862763,40.1385043284485,3114,3.802197802197802,421.22802197802196,1797,2.1941391941391943,181.22527472527474,2.1799698996308075,2.2461131800195275,27.685546875
2772,70.18991495711424,29.810085042885767,22.38054903812199,61.151123816048674,61.151123816048674,40.379829914228466,3123,3.813186813186813,422.8681318681318,1805,2.203907203907204,182.68315018315022,2.1794120607868988,2.2460569578319167,27.7734375
2805,70.25243865642949,29.747561343570514,22.209064986369896,61.05877094036177,61.05877094036177,40.50487731285897,3111,3.7985347985347984,420.68131868131866,1784,2.1782661782661785,178.85622710622715,2.1798730068354706,2.2460569578319167,27.94921875
2838,70.37138188929403,29.628618110705975,22.00640522668014,61.012467969489514,61.012467969489514,40.74276377858805,3116,3.8046398046398044,421.5924908424908,1784,2.1782661782661785,178.85622710622715,2.1798730068354706,2.246455367891741,28.037109375
2871,70.43213576909733,29.56786423090267,21.65488773365675,60.91963721664291,60.91963721664291,40.86427153819466,3123,3.813186813186813,422.8681318681318,1789,2.1843711843711846,179.7673992673993,2.17990026754514,2.2463193079280175,28.212890625
2904,70.54936811055302,29.450631889446978,21.302952155830088,60.8731204134704,60.8731204134704,41.098736221106044,3136,3.8290598290598292,425.2371794871795,1783,2.1770451770451773,178.6739926739927,2.179901800290988,2.2464273073756553,28.30078125
2937,70.60837211148807,29.391627888511934,20.863963569825625,60.77991061250606,60.77991061250606,41.21674422297613,3125,3.8156288156288154,423.23260073260064,1776,2.168498168498169,177.39835164835168,2.179827026074244,2.2464273073756553,28.4765625
2970,70.72390218496663,29.27609781503337,20.426338354119174,60.73322796981931,60.73322796981931,41.44780436993326,3134,3.8266178266178263,424.8727106227106,1779,2.1721611721611724,177.94505494505498,2.179827026074244,2.2463614531272804,28.564453125
3003,70.78117555849697,29.218824441503035,20.006433156367407,60.63973233575159,60.63973233575159,41.56235111699393,3137,3.8302808302808304,425.4194139194139,1778,2.170940170940171,177.76282051282055,2.1799698996308075,2.2462912499611765,28.740234375
3036,70.89501193750667,29.10498806249334,19.654828437333926,60.59292910437853,60.59292910437853,41.79002387501332,3133,3.825396825396825,424.6904761904761,1773,2.164835164835165,176.8516483516484,2.1796774891822484,2.24610619507079,28.828125
3069,70.95057327081679,29.049426729183207,19.319881744001176,60.49923549560612,60.49923549560612,41.90114654163359,3148,3.843711843711844,427.42399267399264,1778,2.170940170940171,177.76282051282055,2.179928952056829,2.24610619507079,29.00390625
3102,71.0627244746401,28.937275525359894,19.13799939445818,60.45235431060578,60.45235431060578,42.12544894928021,3149,3.844932844932845,427.6062271062271,1767,2.157509157509158,175.7582417582418,2.179928952056829,2.2466124019525555,29.091796875
3135,71.16099907527027,28.839000924729724,18.781292093349194,60.405456180970134,60.405456180970134,42.32199815054055,3156,3.8534798534798536,428.88186813186815,1764,2.153846153846154,175.2115384615385,2.1798134510800495,2.2464202064304533,29.1796875
3168,71.21430549872824,28.785694501271756,18.342234944709,60.31162647824185,60.31162647824185,42.42861099745649,3145,3.84004884004884,426.87728937728934,1762,2.1514041514041518,174.84706959706963,2.1795889346907855,2.2460710418070176,29.35546875
3201,71.32422295354195,28.67577704645806,17.91575422666909,60.26470338162974,60.26470338162974,42.64844590708388,3145,3.84004884004884,426.87728937728934,1752,2.139194139194139,173.02472527472526,2.179650232651386,2.2460710418070176,29.443359375
3234,71.42026754295118,28.57973245704882,17.473476159742958,60.21778029612077,60.21778029612077,42.84053508590236,3161,3.8595848595848596,429.7930402930403,1761,2.1501831501831505,174.6648351648352,2.179650232651386,2.2464202064304533,29.53125
3267,71.47134951242501,28.528650487574993,17.033281225881304,60.123950178691764,60.123950178691764,42.942699024850015,3164,3.8632478632478633,430.3397435897436,1765,2.1550671550671554,175.39377289377296,2.180049827363698,2.24623513560455,29.70703125
3300,71.62345282573312,28.376547174266868,16.610280981826286,60.123950178691764,60.123950178691764,43.246905651466264,3164,3.8632478632478633,430.3397435897436,1746,2.131868131868132,171.93131868131866,2.179928952056829,2.2463813808899227,29.70703125
3333,71.88214956165703,28.117850438342963,16.259486664000203,60.26470338162974,60.26470338162974,43.764299123314075,3170,3.8705738705738706,431.43315018315013,1744,2.1294261294261294,171.5668498168498,2.17997668784279,2.2463813808899227,29.443359375
3366,72.23576480152887,27.764235198471123,15.994955412408553,60.54609527686855,60.54609527686855,44.47152960305775,3175,3.8766788766788767,432.34432234432234,1735,2.1184371184371185,169.92673992673994,2.17997668784279,2.2464482668134904,28.916015625
3399,72.64119502894101,27.35880497105898,15.568836886124846,60.91963721664291,60.91963721664291,45.28239005788204,3183,3.8864468864468864,433.8021978021977,1726,2.1074481074481075,168.28663003663004,2.179675737743208,2.246346335691126,28.212890625
3432,73.11169146213999,26.88830853786001,15.04372147200559,61.38025306958809,61.38025306958809,46.22338292427998,3197,3.9035409035409034,436.3534798534798,1713,2.0915750915750917,165.91758241758242,2.1793084200574975,2.245864948069085,27.333984375
3465,73.60186941491912,26.398130585080878,14.429799946373203,61.87209351701552,61.87209351701552,47.203738829838244,3205,3.913308913308913,437.81135531135527,1684,2.056166056166056,160.63278388278385,2.1791129783562186,2.245864948069085,26.3671875
3498,74.07899600897139,25.92100399102862,13.668653379281462,62.33899695204306,62.33899695204306,48.15799201794276,3225,3.9377289377289375,441.4560439560439,1682,2.0537240537240535,160.26831501831498,2.1791129783562186,2.2461611594823987,25.400390625
3531,74.55357325866609,25.446426741333916,12.878129226386832,62.76920530999568,62.76920530999568,49.10714651733217,3267,3.989010989010989,449.1098901098901,1669,2.0378510378510377,157.8992673992674,2.1789821149603164,2.245871931892505,24.43359375
3564,74.85759864218028,25.142401357819715,12.086909208534843,63.01747206424585,63.01747206424585,49.71519728436057,3262,3.9829059829059825,448.19871794871784,1654,2.0195360195360195,155.16575091575092,2.178587735983189,2.302305126733105,23.818359375
3597,75.00860778186578,24.991392218134227,11.478690577200606,63.08404500233205,63.08404500233205,50.01721556373155,3276,4.0,450.75,1645,2.0085470085470085,153.525641025641,2.178453419963614,2.302305126733105,23.642578125
3630,75.1446703100075,24.855329689992505,11.02507455999928,63.08404500233205,63.08404500233205,50.28934062001499,3273,3.9963369963369964,450.2032967032967,1615,1.9719169719169718,148.05860805860803,2.178453419963614,2.3269678367378224,23.642578125
3663,75.26616113977586,24.733838860224143,10.666228821006438,63.05101800065781,63.05101800065781,50.532322279551714,3275,3.998778998778999,450.56776556776555,1615,1.9719169719169718,148.05860805860803,2.1786845430970367,2.326548180639627,23.73046875
3696,75.31735353986925,24.68264646013076,10.24581726941032,62.948876107829264,62.948876107829264,50.63470707973848,3277,4.001221001221001,450.9322344322344,1615,1.9719169719169718,148.05860805860803,2.1784383265944776,2.322618516605986,23.994140625
3729,75.47632625428656,24.523673745713445,9.808204044191905,62.913851915134266,62.913851915134266,50.95265250857311,3280,4.004884004884005,451.4789377289377,1614,1.9706959706959706,147.8763736263736,2.178580954257737,2.322618516605986,24.08203125
3762,75.60805065004283,24.391949349957166,9.214140925019311,62.878360447725555,62.878360447725555,51.21610130008567,3282,4.007326007326007,451.84340659340654,1621,1.979242979242979,149.15201465201463,2.178580954257737,2.321925846447366,24.169921875
3795,75.78103972051896,24.21896027948104,8.53407119430311,62.878360447725555,62.878360447725555,51.56207944103792,3297,4.0256410256410255,454.57692307692304,1616,1.973137973137973,148.24084249084245,2.1788000637576075,2.320765470061701,24.169921875
3828,76.02415150902276,23.975848490977242,7.839353472005579,62.948876107829264,62.948876107829264,52.048303018045516,3312,4.043956043956044,457.31043956043953,1615,1.9719169719169718,148.05860805860803,2.1785537182922234,2.329792116793785,23.994140625
3861,76.36481554982582,23.635184450174183,7.060917270321875,63.11653961853038,63.11653961853038,52.729631099651634,3315,4.0476190476190474,457.8571428571428,1604,1.9584859584859584,146.05402930402929,2.178057763046006,2.329792116793785,23.5546875
3894,76.78527412083174,23.214725879168252,6.362512161500685,63.35564278434829,63.35564278434829,53.570548241663495,3315,4.0476190476190474,457.8571428571428,1594,1.9462759462759462,144.231684981685,2.178057763046006,2.36612826826882,22.8515625
3927,77.23660336853895,22.763396631461045,5.66293995754619,63.593699006470466,63.593699006470466,54.47320673707791,3336,4.073260073260073,461.68406593406587,1578,1.9267399267399268,141.31593406593407,2.1787849667857624,2.412994215790832,21.97265625
3960,77.61048332090408,22.389516679095912,5.100135732468152,63.73708231826693,63.73708231826693,55.220966641808175,3340,4.078144078144078,462.41300366300356,1562,1.907203907203907,138.40018315018312,2.178390641328454,2.4606130316874637,21.181640625
3993,77.84455637675413,22.155443623245873,4.520417673545118,63.78236224423578,63.78236224423578,55.689112753508255,3360,4.102564102564102,466.0576923076922,1546,1.8876678876678876,135.4844322344322,2.1785351237497146,2.4606130316874637,20.7421875
4026,78.02509935285345,21.974900647146555,3.9083098613393235,63.79281283239615,63.79281283239615,56.05019870570689,3383,4.13064713064713,470.2490842490842,1534,1.873015873015873,133.29761904761907,2.1785351237497146,2.496041365676263,20.56640625
4060,78.17677475727855,21.823225242721445,3.4232396414056234,63.79281283239615,63.79281283239615,56.35354951455711,3382,4.129426129426129,470.0668498168497,1523,1.8595848595848596,131.2930402930403,2.179124796032506,2.502176096810359,20.56640625
4092,78.21488157911617,21.78511842088384,3.002489238817614,63.76744590666898,63.76744590666898,56.42976315823232,3376,4.122100122100122,468.97344322344316,1521,1.8571428571428572,130.92857142857142,2.1789225957106595,2.4982432859916526,20.91796875
4125,78.19021220787224,21.809787792127764,2.6333236975572856,63.68257156528328,63.68257156528328,56.38042441574447,3400,4.151404151404152,473.3470695970696,1525,1.862026862026862,131.65750915750914,2.1784942165941708,2.4982432859916526,21.533203125
4158,77.95757634612025,22.042423653879755,2.2815642026670617,63.40908472396763,63.40908472396763,55.91515269224049,3390,4.139194139194139,471.52472527472514,1526,1.8632478632478633,131.8397435897436,2.1784942165941708,2.479026956222195,22.67578125
4191,77.60531902987563,22.394680970124366,2.00297484411402,62.878360447725555,62.878360447725555,55.21063805975127,3387,4.135531135531135,470.9780219780219,1521,1.8571428571428572,130.92857142857142,2.1790449191657486,2.4246642932328517,24.169921875
4224,77.22406220374742,22.775937796252578,1.6743409386674541,62.17279185697362,62.17279185697362,54.448124407494845,3376,4.122100122100122,468.97344322344316,1530,1.8681318681318682,132.5686813186813,2.1785823762298047,2.3282784835275967,25.751953125
4257,77.00274414294768,22.99725585705233,1.3861325040089427,61.56133905414379,61.56133905414379,54.00548828589534,3357,4.0989010989010985,465.5109890109889,1531,1.8693528693528694,132.75091575091574,2.1787985321736025,2.3282784835275967,26.982421875
4290,77.24382212265768,22.756177877342324,1.0694238647151124,61.471073002256006,61.471073002256006,54.48764424531535,3362,4.105006105006105,466.4221611721611,1528,1.8656898656898657,132.20421245421247,2.1787985321736025,2.2690804565849167,27.158203125
4323,77.71933420222155,22.280665797778447,0.6593392400009723,61.78421401047023,61.78421401047023,55.438668404443106,3362,4.105006105006105,466.4221611721611,1527,1.8644688644688645,132.02197802197801,2.1787931716422997,2.267534760407377,26.54296875
4356,78.46487537710082,21.535124622899176,0.21988237124397553,62.460516344709184,62.460516344709184,56.92975075420165,3373,4.118437118437118,468.42673992673986,1536,1.8754578754578755,133.6620879120879,2.1784874353053887,2.3276266456692367,25.13671875
4389,79.28413357060037,20.715866429399632,-0.09105331010831527,63.2106913340359,63.2106913340359,58.568267141200735,3390,4.139194139194139,471.52472527472514,1531,1.8693528693528694,132.75091575091574,2.1780236484267315,2.3276266456692367,23.291015625
4422,79.83728634349899,20.16271365650102,-0.3533877458798255,63.63187704381056,63.63187704381056,59.67457268699796,3395,4.145299145299146,472.43589743589746,1535,1.8742368742368742,133.47985347985346,2.1780236484267315,2.4425940009340286,21.796875
4455,79.83132806797097,20.168671932029028,-0.6156688479910366,63.724916074088256,63.724916074088256,59.662656135941944,3425,4.181929181929182,477.9029304029304,1525,1.862026862026862,131.65750915750914,2.1784669822551894,2.512489678776748,21.26953125
4488,79.70357021556606,20.296429784433936,-0.9316934785851516,63.63187704381056,63.63187704381056,59.40714043113213,3426,4.183150183150183,478.08516483516485,1498,1.829059829059829,126.73717948717947,2.178500997914617,2.521696797487691,21.796875
4521,79.2063817859253,20.793618214074698,-1.222930672332602,63.14848817876111,63.14848817876111,58.412763571850604,3432,4.190476190476191,479.17857142857144,1484,1.811965811965812,124.18589743589743,2.178297134629922,2.521696797487691,23.466796875
4554,78.61124076738051,21.388759232619485,-1.598919693339965,62.256459547142605,62.256459547142605,57.22248153476103,3420,4.175824175824176,476.99175824175825,1484,1.811965811965812,124.18589743589743,2.178297134629922,2.4682705864253873,25.576171875
4587,78.03172385809432,21.968276141905676,-1.9767896868464094,61.19716208862763,61.19716208862763,56.06344771618865,3397,4.147741147741148,472.8003663003663,1489,1.818070818070818,125.09706959706959,2.1786640872709166,2.3439256339013075,27.685546875
4620,77.51392225659488,22.486077743405115,-2.2695477119912404,60.17086124742902,60.17086124742902,55.02784451318977,3424,4.180708180708181,477.720695970696,1494,1.8241758241758241,126.00824175824174,2.17884087012617,2.2455509386570447,29.619140625
4653,77.13465941708658,22.865340582913422,-2.5336466240030697,59.331129726025026,59.331129726025026,54.269318834173156,3401,4.152625152625153,473.52930402930406,1513,1.8473748473748475,129.470695970696,2.1790312420604763,2.2455509386570447,31.201171875
4686,76.8287328913904,23.1712671086096,-2.7922439726197625,58.64674637436574,58.64674637436574,53.6574657827808,3391,4.14041514041514,471.70695970695965,1545,1.8864468864468864,135.30219780219778,2.1790312420604763,2.2462631925200247,32.51953125
4719,76.52329910547179,23.476700894528207,-3.001720005335908,58.02790438263987,58.02790438263987,53.046598210943586,3376,4.122100122100122,468.97344322344316,1571,1.9181929181929183,140.04029304029305,2.1793033859547983,2.2462982357731587,33.75
4752,76.15919766090164,23.840802339098367,-3.178049061330967,57.39113566817844,57.39113566817844,52.318395321803266,3366,4.1098901098901095,467.15109890109886,1575,1.9230769230769231,140.76923076923077,2.178943055177662,2.246018256208523,35.068359375
4785,76.06396262681204,23.936037373187965,-3.3506847529435286,57.023562674824966,57.023562674824966,52.12792525362407,3357,4.0989010989010985,465.5109890109889,1603,1.9572649572649572,145.87179487179486,2.1794257414777554,2.246018256208523,35.859375
4818,76.4428244090231,23.5571755909769,-3.572161792305639,57.18553439489486,57.18553439489486,52.8856488180462,3337,4.074481074481074,461.8663003663003,1604,1.9584859584859584,146.05402930402929,2.1794257414777554,2.2467106854746945,35.5078125
4851,76.78070185989128,23.219298140108712,-3.7873042719939263,57.474334129268684,57.474334129268684,53.561403719782575,3338,4.075702075702075,462.0485347985348,1601,1.9548229548229548,145.507326007326,2.1794325271482125,2.2463473664205624,34.892578125
4884,76.73743634711593,23.262563652884072,-3.9609629472935204,57.43266723712529,57.43266723712529,53.474872694231856,3327,4.062271062271062,460.043956043956,1593,1.945054945054945,144.04945054945054,2.178868111476774,2.2460921107650456,34.98046875
4917,76.75706638906524,23.242933610934763,-4.088423709330498,57.34974021341636,57.34974021341636,53.514132778130474,3335,4.072039072039072,461.5018315018314,1602,1.956043956043956,145.68956043956044,2.179675737743208,2.2460921107650456,35.15625
4950,76.87524805892285,23.12475194107715,-4.177100479999324,57.34974021341636,57.34974021341636,53.7504961178457,3338,4.075702075702075,462.0485347985348,1606,1.9609279609279608,146.41849816849813,2.179675737743208,2.2464693410795142,35.15625
4983,76.96679620605319,23.033203793946807,-4.2632185816475365,57.34974021341636,57.34974021341636,53.933592412106385,3318,4.051282051282051,458.40384615384613,1600,1.9536019536019535,145.32509157509156,2.179201175555116,2.245857849790137,35.15625
5016,77.05834435318354,22.941655646816464,-4.350353730667149,57.34974021341636,57.34974021341636,54.11668870636707,3343,4.0818070818070815,462.9597069597069,1597,1.94993894993895,144.77838827838826,2.1794733512860924,2.24634038037939,35.15625
5049,77.14989250031388,22.85010749968612,-4.436166767467906,57.34974021341636,57.34974021341636,54.29978500062776,3330,4.065934065934066,460.5906593406593,1586,1.9365079365079365,142.77380952380952,2.179330307663325,2.24634038037939,35.15625
5082,77.15526488068917,22.84473511931082,-4.522862191999642,57.267360672085736,57.267360672085736,54.31052976137836,3326,4.061050061050061,459.8617216117216,1575,1.9230769230769231,140.76923076923077,2.179330307663325,2.2465045036944127,35.33203125
5115,77.18633347545254,22.81366652454746,-4.610451509330888,57.18553439489486,57.18553439489486,54.37266695090508,3325,4.05982905982906,459.6794871794871,1572,1.9194139194139195,140.22252747252747,2.179480137178901,2.2463053361400434,35.5078125
5148,77.25941176205477,22.74058823794523,-4.73845765866114,57.144830421846756,57.144830421846756,54.51882352410954,3325,4.05982905982906,459.6794871794871,1560,1.9047619047619047,138.03571428571425,2.1790312420604763,2.2457569891724787,35.595703125
5181,77.3616186735179,22.6383813264821,-4.912044637646928,57.144830421846756,57.144830421846756,54.7232373470358,3313,4.045177045177045,457.492673992674,1554,1.8974358974358974,136.94230769230768,2.178961654943177,2.2457569891724787,35.595703125
5214,77.40756534226188,22.592434657738128,-5.085009589329905,57.1042667434774,57.1042667434774,54.815130684523744,3317,4.05006105006105,458.2216117216117,1556,1.8998778998778998,137.30677655677653,2.178961654943177,2.2463473664205624,35.68359375
5247,77.5092423797236,22.490757620276398,-5.2230662867249,57.1042667434774,57.1042667434774,55.018484759447205,3324,4.058608058608058,459.49725274725273,1549,1.8913308913308913,136.03113553113553,2.179650232651386,2.246270178201122,35.68359375
5280,77.55469167207377,22.44530832792622,-5.309386535059441,57.06384396688679,57.06384396688679,55.10938334414756,3331,4.067155067155067,460.7728937728937,1544,1.8852258852258852,135.1199633699634,2.178881677641127,2.2466685304468914,35.771484375
5313,77.57011547419278,22.429884525807225,-5.395870525330189,56.98342342615038,56.98342342615038,55.14023094838555,3342,4.08058608058608,462.77747252747247,1545,1.8864468864468864,135.30219780219778,2.179296600887455,2.2466685304468914,35.947265625
5346,77.55518414928237,22.444815850717635,-5.518501216002352,56.86386318004803,56.86386318004803,55.11036829856473,3345,4.084249084249084,463.32417582417577,1544,1.8852258852258852,135.1199633699634,2.179296600887455,2.24647644225769,36.2109375
5379,77.6376143869494,22.362385613050606,-5.727942086816465,56.824297231258406,56.824297231258406,55.27522877389879,3349,4.089133089133089,464.0531135531135,1546,1.8876678876678876,135.4844322344322,2.1793439875844114,2.245921048554428,36.298828125
5413,77.73559870837634,22.264401291623653,-5.989809725052352,56.824297231258406,56.824297231258406,55.471197416752695,3372,4.117216117216117,468.2445054945054,1550,1.8925518925518925,136.21336996336993,2.1794325271482125,2.2459140645019047,36.298828125
5445,77.82026626843967,22.179733731560336,-6.248524264001288,56.824297231258406,56.824297231258406,55.64053253687933,3372,4.117216117216117,468.2445054945054,1536,1.8754578754578755,133.6620879120879,2.178874894543113,2.2459140645019047,36.298828125
5478,77.8622537899499,22.137746210050103,-6.478462213642731,56.78487577726197,56.78487577726197,55.72450757989979,3380,4.1269841269841265,469.70238095238085,1544,1.8852258852258852,135.1199633699634,2.178874894543113,2.2461929939600864,36.38671875
5511,77.91706633475286,22.08293366524714,-6.680248327029014,56.74559924276344,56.74559924276344,55.83413266950572,3369,4.113553113553113,467.6978021978021,1544,1.8852258852258852,135.1199633699634,2.1792693515006825,2.2462842641817815,36.474609375
5544,78.01400092932101,21.98599907067898,-6.914093215994614,56.74559924276344,56.74559924276344,56.02800185864204,3375,4.1208791208791204,468.7912087912087,1536,1.8754578754578755,133.6620879120879,2.1789344118382656,2.2457219585840646,36.474609375
5577,78.05500566561803,21.944994334381978,-7.08832131058288,56.70646803157651,56.70646803157651,56.110011331236045,3364,4.107448107448107,466.78663003662996,1535,1.8742368742368742,133.47985347985346,2.178874894543113,2.2457219585840646,36.5625
5610,78.15141629511191,21.84858370488809,-7.288431424000768,56.70646803157651,56.70646803157651,56.30283259022382,3376,4.122100122100122,468.97344322344316,1533,1.8717948717948718,133.1153846153846,2.178874894543113,2.246228035570508,36.5625
5643,78.19193067213537,21.808069327864626,-7.551269281609899,56.66748252702615,56.66748252702615,56.38386134427075,3371,4.115995115995116,468.062271062271,1537,1.8766788766788767,133.84432234432234,2.179328884958925,2.2458929980490048,36.650390625
5676,78.24527213606432,21.754727863935685,-7.838220470590774,56.628643092342685,56.628643092342685,56.49054427212863,3383,4.13064713064713,470.2490842490842,1536,1.8754578754578755,133.6620879120879,2.1791129783562186,2.2455708556353677,36.73828125
5709,78.29812460730385,21.701875392696152,-8.134385695994753,56.589950071050666,56.589950071050666,56.596249214607695,3385,4.133089133089133,470.613553113553,1531,1.8693528693528694,132.75091575091574,2.1791588271003013,2.2455708556353677,36.826171875
5742,78.39296695372619,21.607033046273806,-8.334748692996069,56.589950071050666,56.589950071050666,56.78593390745239,3381,4.128205128205128,469.8846153846153,1521,1.8571428571428572,130.92857142857142,2.1791588271003013,2.246036003870219,36.826171875
5775,78.4320143496418,21.567985650358196,-8.595377213180274,56.551403787351575,56.551403787351575,56.86402869928361,3378,4.124542124542124,469.337912087912,1525,1.862026862026862,131.65750915750914,2.179242102624986,2.2457430226304824,36.9140625
5808,78.48389086865717,21.516109131342827,-8.832485050667854,56.51300454649949,56.51300454649949,56.96778173731435,3381,4.128205128205128,469.8846153846153,1528,1.8656898656898657,132.20421245421247,2.1789972139812948,2.246049973145437,37.001953125
5841,78.57769071713449,21.422309282865506,-9.03031152798992,56.51300454649949,56.51300454649949,57.15538143426899,3389,4.1379731379731375,471.34249084249075,1516,1.8510378510378511,130.01739926739927,2.178623285868541,2.246049973145437,37.001953125
5874,78.61576350919313,21.384236490806877,-9.250383683940006,56.47475263517052,56.47475263517052,57.231527018386245,3399,4.1501831501831505,473.1648351648352,1527,1.8644688644688645,132.02197802197801,2.178623285868541,2.246346335691126,37.08984375
5907,78.70904301970809,21.290956980291913,-9.33546529066384,56.47475263517052,56.47475263517052,57.418086039416174,3402,4.153846153846154,473.7115384615385,1520,1.855921855921856,130.746336996337,2.1789225957106595,2.2463193079280175,37.08984375
5940,78.7466295158263,21.253370484173704,-9.423371645333479,56.436648321827896,56.436648321827896,57.49325903165259,3400,4.151404151404152,473.3470695970696,1511,1.844932844932845,129.10622710622712,2.179201175555116,2.2462140646340747,37.177734375
5973,78.79704714400943,21.202952855990578,-9.528782897408867,56.39869185707852,56.39869185707852,57.594094288018844,3408,4.1611721611721615,474.8049450549451,1508,1.8412698412698414,128.55952380952382,2.1792080696064575,2.2462140646340747,37.265625
6006,78.8469798065323,21.153020193467697,-9.700389055995736,56.360883474025876,56.360883474025876,57.69395961306461,3397,4.147741147741148,472.8003663003663,1513,1.8473748473748475,129.470695970696,2.1792080696064575,2.2459351312512115,37.353515625
6039,78.93870196027316,21.06129803972683,-9.876401568001134,56.360883474025876,56.360883474025876,57.87740392054634,3395,4.145299145299146,472.43589743589746,1511,1.844932844932845,129.10622710622712,2.1797794046766534,2.245764086973261,37.353515625
6072,78.97483355641506,21.025166443584943,-10.035542081733288,56.32322338861624,56.32322338861624,57.94966711283011,3408,4.1611721611721615,474.8049450549451,1504,1.8363858363858365,127.83058608058609,2.1787780747420875,2.2463053361400434,37.44140625
6105,79.06603781347548,20.933962186524518,-10.120559269331745,56.32322338861624,56.32322338861624,58.132075626950964,3411,4.164835164835165,475.3516483516484,1509,1.8424908424908426,128.74175824175828,2.1789631866991868,2.2463053361400434,37.44140625
6138,79.1016857622549,20.898314237745105,-10.195,56.28571179997849,56.28571179997849,58.20337152450979,3426,4.183150183150183,478.08516483516485,1500,1.8315018315018314,127.10164835164834,2.1789631866991868,2.245921048554428,37.529296875
6171,79.19237273518407,20.80762726481593,-10.168775302947317,56.28571179997849,56.28571179997849,58.38474547036814,3406,4.158730158730159,474.44047619047626,1494,1.8241758241758241,126.00824175824174,2.179281170449049,2.2457909902333224,37.529296875
6204,79.22753769127607,20.77246230872393,-9.997683237332772,56.24834889076027,56.24834889076027,58.45507538255214,3407,4.15995115995116,474.62271062271066,1497,1.8278388278388278,126.55494505494505,2.179262566592283,2.2459421154020007,37.6171875
6237,79.27553706774738,20.724462932252617,-9.800032223997635,56.21113482745678,56.21113482745678,58.551074135494765,3417,4.172161172161172,476.44505494505495,1500,1.8315018315018314,127.10164835164834,2.179072054923789,2.2459421154020007,37.705078125
6270,79.36519131300865,20.634808686991345,-9.43910897011514,56.21113482745678,56.21113482745678,58.73038262601731,3420,4.175824175824176,476.99175824175825,1492,1.8217338217338217,125.64377289377288,2.179072054923789,2.2461822297084475,37.705078125
6303,79.39939223587112,20.60060776412888,-9.012102160001444,56.17406976073439,56.17406976073439,58.79878447174224,3416,4.170940170940171,476.26282051282055,1487,1.8156288156288156,124.73260073260073,2.179301634966644,2.246206964699938,37.79296875
6336,79.48853103890403,20.511468961095964,-8.547738997487686,56.17406976073439,56.17406976073439,58.97706207780807,3415,4.16971916971917,476.0805860805861,1494,1.8241758241758241,126.00824175824174,2.179398489668841,2.24584388230724,37.79296875
6369,79.52225091530488,20.477749084695127,-7.830360221559665,56.137153825750346,56.137153825750346,59.04450183060975,3413,4.167277167277168,475.71611721611725,1486,1.8144078144078144,124.55036630036629,2.1790925164959023,2.24584388230724,37.880859375
6402,79.56880714944396,20.431192850556045,-6.96999800644252,56.10038714246561,56.10038714246561,59.13761429888791,3415,4.16971916971917,476.0805860805861,1485,1.8131868131868132,124.36813186813187,2.1790925164959023,2.2465045036944127,37.96875
6435,79.65691691402026,20.34308308597974,-5.995466396778592,56.10038714246561,56.10038714246561,59.31383382804052,3421,4.177045177045177,477.1739926739927,1485,1.8131868131868132,124.36813186813187,2.1790857324133186,2.2459938678294744,37.96875
6468,79.68967662306756,20.310323376932452,-4.945268861458609,56.063769815952824,56.063769815952824,59.379353246135096,3421,4.177045177045177,477.1739926739927,1479,1.8058608058608059,123.27472527472527,2.1788953533382664,2.2460780265917757,38.056640625
6501,79.77727279234387,20.22272720765614,-3.913998735777035,56.063769815952824,56.063769815952824,59.55454558468772,3426,4.183150183150183,478.08516483516485,1487,1.8156288156288156,124.73260073260073,2.179201175555116,2.2460780265917757,38.056640625
6534,79.8095533746298,20.190446625370203,-2.8684537771033485,56.02730193669983,56.02730193669983,59.61910674925959,3427,4.184371184371185,478.2673992673993,1475,1.800976800976801,122.54578754578755,2.179201175555116,2.2462243710499807,38.14453125
6567,79.89663656507607,20.10336343492393,-1.8976234534923104,56.02730193669983,56.02730193669983,59.79327313015214,3428,4.185592185592186,478.44963369963375,1471,1.7960927960927962,121.81684981684982,2.1793915947138736,2.2459550533411754,38.14453125
6600,79.92843865464567,20.071561345354333,-0.7881293741006211,55.99098358090786,55.99098358090786,59.856877309291335,3446,4.207570207570208,481.7298534798535,1481,1.8083028083028083,123.63919413919413,2.178868111476774,2.2459351312512115,38.232421875
6633,79.9417554160093,20.0582445839907,0.6177070186282893,55.99098358090786,55.99098358090786,59.8835108320186,3440,4.2002442002442,480.6364468864469,1469,1.7936507936507937,121.45238095238096,2.178902136531816,2.2459351312512115,38.232421875
6666,79.9730796439944,20.02692035600561,2.024536070718877,55.95481481078443,55.95481481078443,59.94615928798878,3446,4.207570207570208,481.7298534798535,1471,1.7960927960927962,121.81684981684982,2.178902136531816,2.246221050085999,38.3203125
6699,79.98639640535802,20.013603594641975,3.4747591058313034,55.95481481078443,55.95481481078443,59.97279281071605,3431,4.1892551892551895,478.99633699633705,1467,1.7912087912087913,121.0879120879121,2.179038025888596,2.245997188289647,38.3203125
6732,79.98639640535802,20.013603594641975,4.634591491622063,55.95481481078443,55.95481481078443,59.97279281071605,3436,4.1953601953601956,479.9075091575092,1468,1.7924297924297925,121.27014652014653,2.178730487713907,2.2458367841281617,38.3203125
6765,79.94501220571792,20.054987794282088,5.94075607829614,55.91879567483141,55.91879567483141,59.890024411435824,3454,4.2173382173382175,483.18772893772893,1478,1.8046398046398047,123.09249084249085,2.1788068465061885,2.2458367841281617,38.408203125
6798,79.95832896708154,20.04167103291845,7.137127353824853,55.91879567483141,55.91879567483141,59.9166579341631,3434,4.192918192918193,479.5430402930403,1476,1.8021978021978022,122.72802197802197,2.1788068465061885,2.246333394370807,38.408203125
6831,79.95832896708154,20.04167103291845,8.010196772147928,55.91879567483141,55.91879567483141,59.9166579341631,3439,4.199023199023199,480.45421245421244,1462,1.7851037851037852,120.17673992673994,2.180105888889513,2.246832689727097,38.408203125
6864,79.95832896708154,20.04167103291845,9.077228447972539,55.91879567483141,55.91879567483141,59.9166579341631,3437,4.196581196581197,480.0897435897436,1465,1.7887667887667889,120.72344322344324,2.179806663630504,2.24610619507079,38.408203125
6897,79.95832896708154,20.04167103291845,10.104263185972659,55.91879567483141,55.91879567483141,59.9166579341631,3433,4.191697191697192,479.3608058608059,1466,1.78998778998779,120.90567765567766,2.178881677641127,2.24610619507079,38.408203125
6930,79.95832896708154,20.04167103291845,11.156393910127964,55.91879567483141,55.91879567483141,59.9166579341631,3436,4.1953601953601956,479.9075091575092,1469,1.7936507936507937,121.45238095238096,2.178881677641127,2.2457078778922184,38.408203125
6964,79.95832896708154,20.04167103291845,12.226977091328312,55.91879567483141,55.91879567483141,59.9166579341631,3445,4.2063492063492065,481.54761904761904,1472,1.7973137973137974,121.99908424908426,2.179201175555116,2.2465665843328524,38.408203125
6996,79.95832896708154,20.04167103291845,13.00457286987343,55.91879567483141,55.91879567483141,59.9166579341631,3441,4.201465201465202,480.81868131868134,1468,1.7924297924297925,121.27014652014653,2.178961654943177,2.2458228168417835,38.408203125
7029,79.95832896708154,20.04167103291845,13.715125645158688,55.91879567483141,55.91879567483141,59.9166579341631,3437,4.196581196581197,480.0897435897436,1466,1.78998778998779,120.90567765567766,2.178976753751493,2.2458228168417835,38.408203125
7062,79.95832896708154,20.04167103291845,14.250871980499685,55.91879567483141,55.91879567483141,59.9166579341631,3433,4.191697191697192,479.3608058608059,1463,1.7863247863247864,120.35897435897436,2.178976753751493,2.2457500058851942,38.408203125
7095,79.95832896708154,20.04167103291845,14.775102928003532,55.91879567483141,55.91879567483141,59.9166579341631,3435,4.194139194139194,479.72527472527474,1468,1.7924297924297925,121.27014652014653,2.1791129783562186,2.2460640570548405,38.408203125
7128,79.95832896708154,20.04167103291845,15.152639553729598,55.91879567483141,55.91879567483141,59.9166579341631,3438,4.197802197802198,480.27197802197804,1477,1.8034188034188035,122.91025641025641,2.1786505231386544,2.2458367841281617,38.408203125
7161,79.95832896708154,20.04167103291845,15.579317706661914,55.91879567483141,55.91879567483141,59.9166579341631,3433,4.191697191697192,479.3608058608059,1472,1.7973137973137974,121.99908424908426,2.1792216389459322,2.2458367841281617,38.408203125
7194,79.95832896708154,20.04167103291845,15.935104628020278,55.91879567483141,55.91879567483141,59.9166579341631,3446,4.207570207570208,481.7298534798535,1479,1.8058608058608059,123.27472527472527,2.1792216389459322,2.2464693410795142,38.408203125
7227,79.95832896708154,20.04167103291845,16.284653045337805,55.91879567483141,55.91879567483141,59.9166579341631,3440,4.2002442002442,480.6364468864469,1466,1.78998778998779,120.90567765567766,2.179104334005738,2.2460289047802973,38.408203125
7260,79.95832896708154,20.04167103291845,16.636077974359317,55.91879567483141,55.91879567483141,59.9166579341631,3437,4.196581196581197,480.0897435897436,1476,1.8021978021978022,122.72802197802197,2.179446098584199,2.2457149754601726,38.408203125
7293,79.95832896708154,20.04167103291845,16.909110984462792,55.91879567483141,55.91879567483141,59.9166579341631,3441,4.201465201465202,480.81868131868134,1470,1.794871794871795,121.6346153846154,2.1788613284421094,2.2457149754601726,38.408203125
7326,79.95832896708154,20.04167103291845,17.165358026582552,55.91879567483141,55.91879567483141,59.9166579341631,3440,4.2002442002442,480.6364468864469,1466,1.78998778998779,120.90567765567766,2.1788613284421094,2.2460569578319167,38.408203125
7359,79.95832896708154,20.04167103291845,17.43455627141013,55.91879567483141,55.91879567483141,59.9166579341631,3429,4.186813186813187,478.63186813186815,1465,1.7887667887667889,120.72344322344324,2.1790517030577385,2.2458401042399934,38.408203125
7392,79.95832896708154,20.04167103291845,17.69251638776704,55.91879567483141,55.91879567483141,59.9166579341631,3450,4.212454212454213,482.4587912087912,1491,1.8205128205128205,125.46153846153845,2.1790449191657486,2.2456587682229214,38.408203125
7425,79.95832896708154,20.04167103291845,18.020574469912006,55.91879567483141,55.91879567483141,59.9166579341631,3439,4.199023199023199,480.45421245421244,1468,1.7924297924297925,121.27014652014653,2.1788136292864415,2.2456587682229214,38.408203125
7458,79.95832896708154,20.04167103291845,18.37242435199162,55.91879567483141,55.91879567483141,59.9166579341631,3442,4.202686202686203,481.00091575091574,1473,1.7985347985347986,122.18131868131869,2.1788136292864415,2.2462313565499823,38.408203125
7491,79.95832896708154,20.04167103291845,18.65171041246217,55.91879567483141,55.91879567483141,59.9166579341631,3429,4.186813186813187,478.63186813186815,1473,1.7985347985347986,122.18131868131869,2.1792148542603527,2.246249106737568,38.408203125
7524,79.95832896708154,20.04167103291845,18.912879324809854,55.91879567483141,55.91879567483141,59.9166579341631,3442,4.202686202686203,481.00091575091574,1473,1.7985347985347986,122.18131868131869,2.1787712921278586,2.2460429884915376,38.408203125
7557,79.95832896708154,20.04167103291845,19.112388815993057,55.91879567483141,55.91879567483141,59.9166579341631,3454,4.2173382173382175,483.18772893772893,1470,1.794871794871795,121.6346153846154,2.179058486981409,2.2460429884915376,38.408203125
7590,79.95832896708154,20.04167103291845,19.284600085177598,55.91879567483141,55.91879567483141,59.9166579341631,3435,4.194139194139194,479.72527472527474,1467,1.7912087912087913,121.0879120879121,2.179058486981409,2.246518477340634,38.408203125
7623,79.9886993536841,20.011300646315902,19.459043077330417,55.88292620812859,55.88292620812859,59.977398707368195,3442,4.202686202686203,481.00091575091574,1472,1.7973137973137974,121.99908424908426,2.179459779595552,2.2463393496547632,38.49609375
7656,80.0,20.0,19.635094501331757,55.88292620812859,55.88292620812859,60.0,3438,4.197802197802198,480.27197802197804,1476,1.8021978021978022,122.72802197802197,2.178868111476774,2.2459421154020007,38.49609375
7689,80.0,20.0,19.747253133500664,55.88292620812859,55.88292620812859,60.0,3448,4.21001221001221,482.0943223443224,1472,1.7973137973137974,121.99908424908426,2.1787849667857624,2.2459421154020007,38.49609375
7722,80.0,20.0,19.892663717328105,55.88292620812859,55.88292620812859,60.0,3429,4.186813186813187,478.63186813186815,1476,1.8021978021978022,122.72802197802197,2.1787849667857624,2.2460780265917757,38.49609375
7755,80.0,20.0,20.068761957333965,55.88292620812859,55.88292620812859,60.0,3445,4.2063492063492065,481.54761904761904,1478,1.8046398046398047,123.09249084249085,2.1793152051800386,2.2459561982969287,38.49609375
7788,80.0,20.0,20.29842061976018,55.88292620812859,55.88292620812859,60.0,3440,4.2002442002442,480.6364468864469,1471,1.7960927960927962,121.81684981684982,2.1788544360361057,2.2456059971571256,38.49609375
7821,80.0,20.0,20.50294993409018,55.88292620812859,55.88292620812859,60.0,3431,4.1892551892551895,478.99633699633705,1469,1.7936507936507937,121.45238095238096,2.179058486981409,2.2456059971571256,38.49609375
7854,80.0,20.0,20.737385591999512,55.88292620812859,55.88292620812859,60.0,3441,4.201465201465202,480.81868131868134,1476,1.8021978021978022,122.72802197802197,2.179058486981409,2.246333394370807,38.49609375
7887,80.0,20.0,20.99354735552661,55.88292620812859,55.88292620812859,60.0,3444,4.205128205128205,481.36538461538464,1468,1.7924297924297925,121.27014652014653,2.1794920672930944,2.24584388230724,38.49609375
7920,80.0,20.0,21.20101888532688,55.88292620812859,55.88292620812859,60.0,3439,4.199023199023199,480.45421245421244,1464,1.7875457875457876,120.5412087912088,2.1790312420604763,2.24584388230724,38.49609375
7953,80.0,20.0,21.429987960759718,55.88292620812859,55.88292620812859,60.0,3449,4.211233211233211,482.2765567765568,1477,1.8034188034188035,122.91025641025641,2.178820412098368,2.24584388230724,38.49609375
7986,80.0,20.0,21.688878132230297,55.88292620812859,55.88292620812859,60.0,3438,4.197802197802198,480.27197802197804,1465,1.7887667887667889,120.72344322344324,2.178820412098368,2.2464693410795142,38.49609375
8019,80.0,20.0,21.899495029335842,55.88292620812859,55.88292620812859,60.0,3429,4.186813186813187,478.63186813186815,1471,1.7960927960927962,121.81684981684982,2.1796825245812492,2.2464273073756553,38.49609375
8052,80.0,20.0,22.074096073479712,55.88292620812859,55.88292620812859,60.0,3449,4.211233211233211,482.2765567765568,1480,1.807081807081807,123.45695970695971,2.1788340872187137,2.245619962420873,38.49609375
8085,80.0,20.0,22.24790353740929,55.88292620812859,55.88292620812859,60.0,3441,4.201465201465202,480.81868131868134,1465,1.7887667887667889,120.72344322344324,2.179058486981409,2.245619962420873,38.49609375
8118,80.0,20.0,22.420400026660804,55.88292620812859,55.88292620812859,60.0,3439,4.199023199023199,480.45421245421244,1471,1.7960927960927962,121.81684981684982,2.179058486981409,2.2460780265917757,38.49609375
8151,80.0,20.0,22.596463498668125,55.88292620812859,55.88292620812859,60.0,3448,4.21001221001221,482.0943223443224,1471,1.7960927960927962,121.81684981684982,2.1790449191657486,2.2464693410795142,38.49609375
8185,80.0,20.0,22.7249865407052,55.88292620812859,55.88292620812859,60.0,3435,4.194139194139194,479.72527472527474,1468,1.7924297924297925,121.27014652014653,2.1789821149603164,2.2459280326395294,38.49609375
8217,80.0,20.0,22.764,55.88292620812859,55.88292620812859,60.0,3448,4.21001221001221,482.0943223443224,1479,1.8058608058608059,123.27472527472527,2.1787254556135696,2.2459280326395294,38.49609375
8250,80.0,20.0,22.8095309093333,55.88292620812859,55.88292620812859,60.0,3435,4.194139194139194,479.72527472527474,1475,1.800976800976801,122.54578754578755,2.1787254556135696,2.246483428933594,38.49609375
8283,80.0,20.0,22.852,55.88292620812859,55.88292620812859,60.0,3440,4.2002442002442,480.6364468864469,1473,1.7985347985347986,122.18131868131869,2.1790449191657486,2.2462631925200247,38.49609375
8316,80.0,20.0,22.809112282666884,55.88292620812859,55.88292620812859,60.0,3441,4.201465201465202,480.81868131868134,1473,1.7985347985347986,122.18131868131869,2.178881677641127,2.2458050717068554,38.49609375
8349,80.0,20.0,22.678218277337727,55.88292620812859,55.88292620812859,60.0,3441,4.201465201465202,480.81868131868134,1471,1.7960927960927962,121.81684981684982,2.17884087012617,2.2458050717068554,38.49609375
8383,80.0,20.0,22.50214185788709,55.88292620812859,55.88292620812859,60.0,3429,4.186813186813187,478.63186813186815,1470,1.794871794871795,121.6346153846154,2.17884087012617,2.2466157237844766,38.49609375
8415,80.0,20.0,22.37180689866798,55.88292620812859,55.88292620812859,60.0,3436,4.1953601953601956,479.9075091575092,1470,1.794871794871795,121.6346153846154,2.1793915947138736,2.2459351312512115,38.49609375
8448,80.0,20.0,22.28368296533346,55.88292620812859,55.88292620812859,60.0,3429,4.186813186813187,478.63186813186815,1476,1.8021978021978022,122.72802197802197,2.1790925164959023,2.2464273073756553,38.49609375
8481,80.0,20.0,22.119394641437832,55.88292620812859,55.88292620812859,60.0,3443,4.203907203907204,481.1831501831502,1474,1.7997557997557998,122.36355311355311,2.178936162383863,2.2464273073756553,38.49609375
8514,80.0,20.0,21.822896629340942,55.88292620812859,55.88292620812859,60.0,3425,4.181929181929182,477.9029304029304,1479,1.8058608058608059,123.27472527472527,2.178936162383863,2.2461342495704675,38.49609375
8547,80.0,20.0,21.471135008463946,55.88292620812859,55.88292620812859,60.0,3440,4.2002442002442,480.6364468864469,1478,1.8046398046398047,123.09249084249085,2.1793084200574975,2.2462982357731587,38.49609375
8580,80.0,20.0,21.051951622584696,55.88292620812859,55.88292620812859,60.0,3442,4.202686202686203,481.00091575091574,1467,1.7912087912087913,121.0879120879121,2.179072054923789,2.245997188289647,38.49609375
8613,80.0,20.0,20.53326619134521,55.88292620812859,55.88292620812859,60.0,3437,4.196581196581197,480.0897435897436,1481,1.8083028083028083,123.63919413919413,2.1790176744992737,2.245997188289647,38.49609375
8646,80.0,20.0,19.95347839607831,55.88292620812859,55.88292620812859,60.0,3435,4.194139194139194,479.72527472527474,1473,1.7985347985347986,122.18131868131869,2.1790176744992737,2.2459351312512115,38.49609375
8679,79.96069972508242,20.03930027491758,19.32924883799421,55.84720643261284,55.84720643261284,59.92139945016484,3446,4.207570207570208,481.7298534798535,1469,1.7936507936507937,121.45238095238096,2.1795889346907855,2.2462982357731587,38.583984375
8712,79.97401648644606,20.025983513553943,18.822974853217023,55.84720643261284,55.84720643261284,59.948032972892115,3451,4.213675213675214,482.64102564102564,1477,1.8034188034188035,122.91025641025641,2.1791808218801236,2.246004172729906,38.583984375
8745,79.97401648644606,20.025983513553943,18.352282711471368,55.84720643261284,55.84720643261284,59.948032972892115,3438,4.197802197802198,480.27197802197804,1475,1.800976800976801,122.54578754578755,2.1795124253288294,2.246004172729906,38.583984375
8778,79.97401648644606,20.025983513553943,17.86167976353184,55.84720643261284,55.84720643261284,59.948032972892115,3438,4.197802197802198,480.27197802197804,1467,1.7912087912087913,121.0879120879121,2.1795124253288294,2.2466334785282913,38.583984375
8811,79.97401648644606,20.025983513553943,17.430656767115877,55.84720643261284,55.84720643261284,59.948032972892115,3445,4.2063492063492065,481.54761904761904,1483,1.8107448107448108,124.00366300366301,2.179398489668841,2.2463533217600795,38.583984375
8844,79.97401648644606,20.025983513553943,16.93216224535155,55.84720643261284,55.84720643261284,59.948032972892115,3436,4.1953601953601956,479.9075091575092,1473,1.7985347985347986,122.18131868131869,2.179078948362416,2.2460710418070176,38.583984375
8877,79.97401648644606,20.025983513553943,16.32263904147606,55.84720643261284,55.84720643261284,59.948032972892115,3436,4.1953601953601956,479.9075091575092,1465,1.7887667887667889,120.72344322344324,2.1792216389459322,2.2460710418070176,38.583984375
8910,79.97401648644606,20.025983513553943,15.693353265625758,55.84720643261284,55.84720643261284,59.948032972892115,3442,4.202686202686203,481.00091575091574,1477,1.8034188034188035,122.91025641025641,2.1792216389459322,2.2460289047802973,38.583984375
8943,79.97401648644606,20.025983513553943,14.9903522004779,55.84720643261284,55.84720643261284,59.948032972892115,3434,4.192918192918193,479.5430402930403,1470,1.794871794871795,121.6346153846154,2.179065270936759,2.2465114905012262,38.583984375
8976,79.97401648644606,20.025983513553943,14.319647887511358,55.84720643261284,55.84720643261284,59.948032972892115,3438,4.197802197802198,480.27197802197804,1475,1.800976800976801,122.54578754578755,2.179104334005738,2.2460569578319167,38.583984375
9009,79.97401648644606,20.025983513553943,13.741682528006377,55.84720643261284,55.84720643261284,59.948032972892115,3441,4.201465201465202,480.81868131868134,1472,1.7973137973137974,121.99908424908426,2.1790176744992737,2.2460569578319167,38.583984375
9042,79.97401648644606,20.025983513553943,13.23829861287317,55.84720643261284,55.84720643261284,59.948032972892115,3437,4.196581196581197,480.0897435897436,1475,1.800976800976801,122.54578754578755,2.1790176744992737,2.2467797627183,38.583984375
9075,79.97401648644606,20.025983513553943,12.826165579295708,55.84720643261284,55.84720643261284,59.948032972892115,3441,4.201465201465202,480.81868131868134,1472,1.7973137973137974,121.99908424908426,2.1795752524633083,2.246553641109193,38.583984375
9108,79.97401648644606,20.025983513553943,12.481403949734455,55.84720643261284,55.84720643261284,59.948032972892115,3453,4.216117216117216,483.00549450549454,1470,1.794871794871795,121.6346153846154,2.1795752524633083,2.246049973145437,38.583984375
9141,79.97401648644606,20.025983513553943,12.151044720009896,55.84720643261284,55.84720643261284,59.948032972892115,3434,4.192918192918193,479.5430402930403,1475,1.800976800976801,122.54578754578755,2.178548686804287,2.246049973145437,38.583984375
9174,79.97401648644606,20.025983513553943,11.868980655117047,55.84720643261284,55.84720643261284,59.948032972892115,3440,4.2002442002442,480.6364468864469,1466,1.78998778998779,120.90567765567766,2.178548686804287,2.246601634685936,38.583984375
9207,79.97401648644606,20.025983513553943,11.50785641333018,55.84720643261284,55.84720643261284,59.948032972892115,3450,4.212454212454213,482.4587912087912,1473,1.7985347985347986,122.18131868131869,2.179520743748097,2.2459351312512115,38.583984375
9240,79.97401648644606,20.025983513553943,11.029972340458828,55.84720643261284,55.84720643261284,59.948032972892115,3448,4.21001221001221,482.0943223443224,1476,1.8021978021978022,122.72802197802197,2.1792693515006825,2.246004172729906,38.583984375
9273,79.97401648644606,20.025983513553943,10.45522408824103,55.84720643261284,55.84720643261284,59.948032972892115,3442,4.202686202686203,481.00091575091574,1478,1.8046398046398047,123.09249084249085,2.178874894543113,2.246004172729906,38.583984375
9306,79.97401648644606,20.025983513553943,10.026203912438936,55.84720643261284,55.84720643261284,59.948032972892115,3447,4.208791208791209,481.9120879120879,1470,1.794871794871795,121.6346153846154,2.178874894543113,2.2463193079280175,38.583984375
9339,79.97401648644606,20.025983513553943,9.586747751509565,55.84720643261284,55.84720643261284,59.948032972892115,3441,4.201465201465202,480.81868131868134,1465,1.7887667887667889,120.72344322344324,2.179702885285561,2.246333394370807,38.583984375
9372,79.97401648644606,20.025983513553943,9.16347243577391,55.84720643261284,55.84720643261284,59.948032972892115,3452,4.214896214896215,482.8232600732601,1476,1.8021978021978022,122.72802197802197,2.1791588271003013,2.2459761206671995,38.583984375
9405,79.97401648644606,20.025983513553943,8.822886506664105,55.84720643261284,55.84720643261284,59.948032972892115,3449,4.211233211233211,482.2765567765568,1486,1.8144078144078144,124.55036630036629,2.179201175555116,2.2459761206671995,38.583984375
9438,79.97401648644606,20.025983513553943,8.498089454549577,55.84720643261284,55.84720643261284,59.948032972892115,3437,4.196581196581197,480.0897435897436,1479,1.8058608058608059,123.27472527472527,2.179201175555116,2.2458228168417835,38.583984375
9471,79.97401648644606,20.025983513553943,8.297603775061441,55.84720643261284,55.84720643261284,59.948032972892115,3456,4.21978021978022,483.55219780219784,1478,1.8046398046398047,123.09249084249085,2.1790312420604763,2.246483428933594,38.583984375
9504,79.97401648644606,20.025983513553943,7.976227594673323,55.84720643261284,55.84720643261284,59.948032972892115,3440,4.2002442002442,480.6364468864469,1473,1.7985347985347986,122.18131868131869,2.1792879554443307,2.24608512591459,38.583984375
9537,79.97401648644606,20.025983513553943,7.7787377183670605,55.84720643261284,55.84720643261284,59.948032972892115,3456,4.21978021978022,483.55219780219784,1478,1.8046398046398047,123.09249084249085,2.1792761364407687,2.24608512591459,38.583984375
9570,79.97401648644606,20.025983513553943,7.428567518124487,55.84720643261284,55.84720643261284,59.948032972892115,3448,4.21001221001221,482.0943223443224,1472,1.7973137973137974,121.99908424908426,2.1792761364407687,2.246993086023084,38.583984375
9603,79.97401648644606,20.025983513553943,7.086195561279793,55.84720643261284,55.84720643261284,59.948032972892115,3447,4.208791208791209,481.9120879120879,1471,1.7960927960927962,121.81684981684982,2.179935849562017,2.246895929644348,38.583984375
9636,79.97401648644606,20.025983513553943,6.743340696009568,55.84720643261284,55.84720643261284,59.948032972892115,3437,4.196581196581197,480.0897435897436,1470,1.794871794871795,121.6346153846154,2.1798662191077596,2.2460921107650456,38.583984375
9669,79.97401648644606,20.025983513553943,6.472001170822586,55.84720643261284,55.84720643261284,59.948032972892115,3458,4.222222222222222,483.9166666666667,1475,1.800976800976801,122.54578754578755,2.1793084200574975,2.2460921107650456,38.583984375
9702,79.97401648644606,20.025983513553943,6.129923706097856,55.84720643261284,55.84720643261284,59.948032972892115,3438,4.197802197802198,480.27197802197804,1476,1.8021978021978022,122.72802197802197,2.1793084200574975,2.2463991328558266,38.583984375
9735,79.97401648644606,20.025983513553943,5.784352688008807,55.84720643261284,55.84720643261284,59.948032972892115,3440,4.2002442002442,480.6364468864469,1474,1.7997557997557998,122.36355311355311,2.1794325271482125,2.245977151141837,38.583984375
9768,79.97401648644606,20.025983513553943,5.510207132763669,55.84720643261284,55.84720643261284,59.948032972892115,3431,4.1892551892551895,478.99633699633705,1471,1.7960927960927962,121.81684981684982,2.1789821149603164,2.245829800468686,38.583984375
9801,79.97401648644606,20.025983513553943,5.086677194679629,55.84720643261284,55.84720643261284,59.948032972892115,3429,4.186813186813187,478.63186813186815,1474,1.7997557997557998,122.36355311355311,2.1792148542603527,2.245829800468686,38.583984375
9834,79.97401648644606,20.025983513553943,4.7346034554663605,55.84720643261284,55.84720643261284,59.948032972892115,3443,4.203907203907204,481.1831501831502,1470,1.794871794871795,121.6346153846154,2.1792148542603527,2.246867860873286,38.583984375
9867,79.97401648644606,20.025983513553943,4.383888219290094,55.84720643261284,55.84720643261284,59.948032972892115,3459,4.2234432234432235,484.0989010989011,1481,1.8083028083028083,123.63919413919413,2.1791671434953126,2.245801751672708,38.583984375
9900,79.97401648644606,20.025983513553943,4.041973579684858,55.84720643261284,55.84720643261284,59.948032972892115,3436,4.1953601953601956,479.9075091575092,1473,1.7985347985347986,122.18131868131869,2.1792148542603527,2.246413220049485,38.583984375
9933,79.97401648644606,20.025983513553943,3.515571647057496,55.84720643261284,55.84720643261284,59.948032972892115,3436,4.1953601953601956,479.9075091575092,1475,1.800976800976801,122.54578754578755,2.179248887437817,2.246413220049485,38.583984375
9966,79.97401648644606,20.025983513553943,3.0881656376523074,55.84720643261284,55.84720643261284,59.948032972892115,3457,4.221001221001221,483.73443223443223,1480,1.807081807081807,123.45695970695971,2.179248887437817,2.245997188289647,38.583984375
