ms,valve_a_pct,valve_b_pct,q_des_csv,qdes,qdes_esn,pid_u,adc0_raw,adc0_volt,adc0_kpa,adc1_raw,adc1_volt,adc1_kpa,tension_0x2B,tension_0x2A,enc_deg,esn_weights=/home/hosodalab2/Desktop/MyRobot/MyRobot_RasPi_Desktop_Mix/desktop/data/esn/esn_weights_reference6.npy,esn_alpha=0.0,esn_model=,angle_unit=deg
1,50.0,50.0,0.8935017530600826,0.0,0.0,0.0,2781,3.395604395604396,360.5439560439561,2776,3.38949938949939,359.63278388278394,2.5975310517978683,2.57407255588694,0.0
33,50.0,50.0,1.3236069733350888,0.0,0.0,0.0,2676,3.2673992673992673,341.40934065934067,2720,3.321123321123321,349.4276556776556,2.597474232764718,2.57407255588694,0.0
66,50.00052720798427,49.99947279201573,1.7585579562351101,-0.14334303992144548,-0.14334303992144548,0.0010544159685462566,2598,3.172161172161172,327.1950549450549,2595,3.1684981684981683,326.6483516483516,2.5279936811843005,2.529350685326898,-0.087890625
99,50.029576159343655,49.970423840656345,1.929271558114259,0.04133622626336031,0.04133622626336031,0.05915231868731281,2518,3.0744810744810747,312.6163003663004,2512,3.0671550671550674,311.5228937728938,2.5279936811843005,2.386368623014264,-0.087890625
132,50.06238498105212,49.93761501894788,1.934,0.18127613150090305,0.18127613150090305,0.12476996210424116,2470,3.015873015873016,303.8690476190476,2457,3.0,301.5,2.428610987649621,2.2698751274028504,-0.087890625
165,50.12865026229577,49.87134973770423,1.934,0.4637723401838194,0.4637723401838194,0.25730052459154096,2457,3.0,301.5,2451,2.9926739926739927,300.4065934065934,2.3384639765917306,2.2698751274028504,-0.087890625
198,50.399980254528536,49.600019745471464,2.3481119795867453,1.6303271691408607,1.6303271691408607,0.7999605090570747,2462,3.006105006105006,302.41117216117215,2439,2.978021978021978,298.21978021978026,2.3240115359819775,2.246036003870219,-0.087890625
231,50.59550191798752,49.40449808201248,2.7862038810884706,2.4473315537645597,2.4473315537645597,1.191003835975043,2471,3.017094017094017,304.051282051282,2445,2.9853479853479854,299.3131868131868,2.3238457149710516,2.24541507530523,-0.087890625
264,50.79416261789881,49.20583738210119,3.1433860799941855,3.2633339158317067,3.2633339158317067,1.5883252357976274,2460,3.0036630036630036,302.0467032967033,2439,2.978021978021978,298.21978021978026,2.3238457149710516,2.2458050717068554,-0.087890625
297,51.07118809846657,48.92881190153343,3.2444531484689554,4.55014172365491,4.55014172365491,2.1423761969331405,2457,3.0,301.5,2434,2.971916971916972,297.30860805860806,2.3199948932570402,2.2458050717068554,0.0
330,51.34769276532377,48.65230723467623,3.252,6.046768281984251,6.046768281984251,2.6953855306475383,2454,2.9963369963369964,300.9532967032967,2423,2.9584859584859586,295.3040293040293,2.3173245936562954,2.2458191533128278,0.263671875
363,51.45184634177499,48.54815365822501,3.252,6.512965324589089,6.512965324589089,2.903692683549976,2462,3.006105006105006,302.41117216117215,2399,2.9291819291819294,290.930402930403,2.3173245936562954,2.245365975240183,0.439453125
396,51.36664152093104,48.63335847906896,3.1741775623533983,6.210694258273271,6.210694258273271,2.7332830418620873,2465,3.0097680097680097,302.95787545787545,2390,2.9181929181929185,289.2902930402931,2.3079126654864073,2.2456868143402597,0.615234375
429,51.05549844075839,48.94450155924161,3.008826245333146,5.082988314973335,5.082988314973335,2.1109968815167823,2486,3.0354090354090353,306.7847985347985,2397,2.926739926739927,290.56593406593413,2.3004690919380506,2.2456868143402597,0.87890625
462,50.42350317395038,49.57649682604962,2.910488666668282,2.531291308794934,2.531291308794934,0.8470063479007546,2473,3.0195360195360195,304.4157509157509,2403,2.9340659340659343,291.65934065934067,2.308790831724304,2.2459140645019047,1.142578125
495,49.64802557656279,50.35197442343721,2.8247374357657304,-1.0290442094017322,-1.0290442094017322,-0.7039488468744283,2486,3.0354090354090353,306.7847985347985,2413,2.9462759462759465,293.48168498168496,2.308790831724304,2.245494852038412,1.142578125
528,49.00038275462169,50.99961724537831,2.812,-3.798227613141094,-3.798227613141094,-1.9992344907566213,2483,3.0317460317460316,306.2380952380952,2416,2.94993894993895,294.02838827838826,2.315894302203522,2.2457008948340027,1.142578125
561,48.323205545319865,51.676794454680135,2.812,-6.645938132394903,-6.645938132394903,-3.3535889093602638,2493,3.043956043956044,308.06043956043953,2440,2.9792429792429793,298.40201465201466,2.316117064705438,2.2457008948340027,1.142578125
594,47.69791365369463,52.30208634630537,2.812,-9.509012903141851,-9.509012903141851,-4.6041726926107485,2453,2.995115995115995,300.77106227106225,2477,3.0244200244200243,305.14468864468864,2.354494018832517,2.2457430226304824,0.966796875
627,49.34040089437688,50.65959910562312,2.9564956799988478,-4.851697290442743,-4.851697290442743,-1.3191982112462446,2412,2.9450549450549453,293.29945054945057,2509,3.0634920634920637,310.97619047619054,2.354494018832517,2.2455368595736087,-0.703125
660,50.00767519096092,49.99232480903908,3.132330869330792,-4.136797268877217,-4.136797268877217,0.01535038192183244,2404,2.9352869352869355,291.8415750915751,2497,3.048840048840049,308.78937728937734,2.3569704564560032,2.24545971312558,-2.724609375
693,50.60503514988828,49.39496485011172,3.304134083294159,0.09770602900098879,0.09770602900098879,1.210070299776558,2413,2.9462759462759465,293.48168498168496,2496,3.047619047619048,308.6071428571429,2.3110310452727467,2.24545971312558,-2.548828125
726,49.24036937990878,50.75963062009122,3.5486295600005544,-4.962562789815564,-4.962562789815564,-1.5192612401824497,2415,2.948717948717949,293.84615384615387,2503,3.0561660561660564,309.8827838827839,2.34603358628877,2.2459140645019047,-1.93359375
759,48.11522913802308,51.88477086197692,3.8813963210893654,-10.190893877096755,-10.190893877096755,-3.7695417239538402,2411,2.943833943833944,293.1172161172161,2491,3.0415140415140414,307.69597069597063,2.34603358628877,2.2458050717068554,-1.93359375
792,48.12123981189079,51.87876018810921,4.3591688239940884,-10.01715120207362,-10.01715120207362,-3.7575203762184213,2412,2.9450549450549453,293.29945054945057,2487,3.0366300366300365,306.96703296703294,2.333936847471033,2.2459069659900996,-1.93359375
825,48.95662499659638,51.04337500340362,4.9498745679979335,-6.104919434542367,-6.104919434542367,-2.08675000680723,2415,2.948717948717949,293.84615384615387,2486,3.0354090354090353,306.7847985347985,2.3332754791030963,2.2459069659900996,-1.845703125
858,49.88557766808537,50.11442233191463,5.765783278728204,-2.0587671437479287,-2.0587671437479287,-0.22884466382926835,2418,2.9523809523809526,294.39285714285717,2492,3.0427350427350426,307.8782051282051,2.33334082733773,2.2459620375848917,-1.845703125
891,50.44982058311529,49.55017941688471,6.4305942448462625,0.39146452838195955,0.39146452838195955,0.8996411662305821,2422,2.9572649572649574,295.1217948717949,2494,3.045177045177045,308.242673992674,2.33334082733773,2.2459351312512115,-1.845703125
924,50.59708013140285,49.40291986859715,7.040314649089049,0.9899346161380578,0.9899346161380578,1.1941602628056884,2431,2.9682539682539684,296.76190476190476,2471,3.017094017094017,304.051282051282,2.335892887241825,2.245798088195297,-1.845703125
957,50.40322402118236,49.59677597881764,7.655508001366079,0.9724792628795456,0.9724792628795456,0.8064480423647171,2444,2.984126984126984,299.1309523809524,2460,3.0036630036630036,302.0467032967033,2.3182735744561143,2.245798088195297,-1.318359375
990,49.790820007541576,50.209179992458424,8.133530197639967,0.11427541828621912,0.11427541828621912,-0.4183599849168528,2459,3.0024420024420024,301.86446886446885,2457,3.0,301.5,2.3278074896395546,2.245808735201354,0.0
1023,51.220365262780845,48.779634737219155,8.569962384477641,6.172465120544086,6.172465120544086,2.440730525561692,2453,2.995115995115995,300.77106227106225,2449,2.9902319902319903,300.04212454212455,2.3278074896395546,2.2457149754601726,0.439453125
1056,51.61536005690149,48.38463994309851,9.008692599992054,7.49384091230781,7.49384091230781,3.2307201138029717,2468,3.0134310134310134,303.50457875457874,2429,2.965811965811966,296.3974358974359,2.3417182473213836,2.2456270595720462,0.439453125
1090,52.661468689843815,47.338531310156185,9.511952386000818,12.340234227902947,12.340234227902947,5.322937379687635,2506,3.05982905982906,310.4294871794872,2412,2.9450549450549453,293.29945054945057,2.3243872296015553,2.2456270595720462,0.703125
1122,51.48029970212954,48.51970029787046,9.964415540418809,9.31331727754852,9.31331727754852,2.960599404259079,2535,3.0952380952380953,315.7142857142857,2389,2.9169719169719173,289.1080586080587,2.3182808987344172,2.246049973145437,2.197265625
1155,47.88441978668937,52.11558021331063,10.520845450659923,-4.76505077159959,-4.76505077159959,-4.231160426621255,2538,3.098901098901099,316.260989010989,2371,2.8949938949938954,285.82783882783883,2.3182808987344172,2.2457430226304824,3.779296875
1188,49.365620891683754,50.634379108316246,11.065463044993885,0.9162353978446163,0.9162353978446163,-1.268758216632494,2495,3.0463980463980462,308.4249084249084,2395,2.9242979242979246,290.2014652014652,2.342105314611043,2.2456059971571256,3.8671875
1221,50.10795299465284,49.89204700534716,11.642770793628518,1.7997854770557353,1.7997854770557353,0.2159059893056772,2484,3.032967032967033,306.42032967032964,2414,2.9474969474969477,293.6639194139195,2.3500672114748458,2.2456059971571256,2.4609375
1254,46.05486659676498,53.94513340323502,12.202684911998688,-18.332874754914037,-18.332874754914037,-7.890266806470033,2473,3.0195360195360195,304.4157509157509,2419,2.9536019536019538,294.5750915750916,2.3170218730735392,2.246120165000848,0.3515625
1287,45.29586000421494,54.70413999578506,12.665092923052761,-20.049483428537112,-20.049483428537112,-9.408279991570122,2405,2.9365079365079367,292.0238095238096,2509,3.0634920634920637,310.97619047619054,2.3170218730735392,2.2454737914834806,0.263671875
1320,48.28874769732812,51.71125230267188,13.15267419805341,-9.273325972737503,-9.273325972737503,-3.422504605343755,2335,2.8510378510378507,279.2673992673992,2573,3.1416361416361416,322.6391941391941,2.368206618722627,2.246221050085999,-1.318359375
1353,49.40250056213564,50.59749943786436,13.62672007999282,-10.107356857630549,-10.107356857630549,-1.1949988757287087,2347,2.8656898656898653,281.4542124542124,2546,3.1086691086691087,317.71886446886447,2.3626747494614695,2.246221050085999,-5.44921875
1386,49.95484336875841,50.04515663124159,14.109978964493871,-4.624264954678125,-4.624264954678125,-0.09031326248317464,2347,2.8656898656898653,281.4542124542124,2564,3.1306471306471306,320.99908424908426,2.251446002243994,2.2945281181760007,-5.2734375
1419,48.58031409864142,51.41968590135858,14.670905403371716,-5.90522566099807,-5.90522566099807,-2.839371802717149,2374,2.898656898656899,286.3745421245422,2532,3.0915750915750917,315.1675824175824,2.251446002243994,2.245886014127322,-2.373046875
1452,49.3362910943582,50.6637089056418,15.239806469495562,-3.159021585421101,-3.159021585421101,-1.3274178112835946,2391,2.9194139194139197,289.4725274725275,2512,3.0671550671550674,311.5228937728938,2.3645933163844473,2.245801751672708,-1.58203125
1485,49.396411359202475,50.603588640797525,15.76460547549768,-3.389794510018959,-3.389794510018959,-1.2071772815950532,2399,2.9291819291819294,290.930402930403,2499,3.0512820512820515,309.1538461538462,2.3417182473213836,2.245801751672708,-1.58203125
1518,49.64500907392322,50.35499092607678,16.188765151994534,-1.697087453917888,-1.697087453917888,-0.7099818521535572,2420,2.954822954822955,294.757326007326,2475,3.021978021978022,304.78021978021974,2.325203776292285,2.24610619507079,-1.23046875
1551,50.85882522565212,49.14117477434788,16.541223298266015,4.653778666655953,4.653778666655953,1.7176504513042379,2443,2.982905982905983,298.94871794871796,2469,3.0146520146520146,303.6868131868132,2.325203776292285,2.2451388082580053,-0.439453125
1584,51.75436213498212,48.24563786501788,16.839383444229963,8.945275825442927,8.945275825442927,3.508724269964226,2455,2.9975579975579976,301.13553113553115,2439,2.978021978021978,298.21978021978026,2.3333913862043176,2.2452957042893544,0.17578125
1617,50.62433562001178,49.37566437998822,17.00910361866653,5.814805653575675,5.814805653575675,1.2486712400235613,2502,3.054945054945055,309.7005494505495,2408,2.9401709401709404,292.5705128205128,2.318360627550141,2.2452957042893544,1.58203125
1650,48.70034198987716,51.29965801012284,17.142097535996193,-0.03158819927188006,-0.03158819927188006,-2.5993160202456873,2501,3.053724053724054,309.51831501831504,2411,2.943833943833944,293.1172161172161,2.336846736190643,2.245871931892505,3.69140625
1684,49.55870459701915,50.44129540298085,17.317517488968953,2.225303389933373,2.225303389933373,-0.8825908059616985,2510,3.064713064713065,311.15842490842493,2405,2.9365079365079367,292.0238095238096,2.3487533093658794,2.2457149754601726,3.603515625
1717,50.27270357719928,49.72729642280072,17.492428149331516,3.801500387250883,3.801500387250883,0.5454071543985537,2499,3.0512820512820515,309.1538461538462,2418,2.9523809523809526,294.39285714285717,2.3487533093658794,2.2454139307632364,2.63671875
1749,50.44227458834999,49.55772541165001,17.66369810666664,5.151008093746668,5.151008093746668,0.8845491766999787,2497,3.048840048840049,308.78937728937734,2429,2.965811965811966,296.3974358974359,2.3262664614495048,2.2454139307632364,2.63671875
1782,50.16864553095532,49.83135446904468,17.878786673646832,3.919650504567443,3.919650504567443,0.3372910619106322,2496,3.047619047619048,308.6071428571429,2426,2.9621489621489623,295.8507326007326,2.3345693756647896,2.245394015872628,2.63671875
1815,49.59545238412383,50.40454761587617,18.097936781060664,1.4114782001407775,1.4114782001407775,-0.8090952317523321,2501,3.053724053724054,309.51831501831504,2439,2.978021978021978,298.21978021978026,2.3345693756647896,2.2456939118083583,2.63671875
1848,49.241236330654104,50.758763669345896,18.27337660266366,-0.5392902958780041,-0.5392902958780041,-1.5175273386917962,2465,3.0097680097680097,302.95787545787545,2458,3.001221001221001,301.6822344322344,2.3453745228964307,2.2454737914834806,2.373046875
1881,48.607674203921164,51.392325796078836,18.446986438588254,-5.099765143504982,-5.099765143504982,-2.784651592157669,2452,2.993894993894994,300.58882783882785,2462,3.006105006105006,302.41117216117215,2.355871781779566,2.2454737914834806,1.142578125
1914,48.67561353370053,51.32438646629947,18.619992058665765,-6.06964991913312,-6.06964991913312,-2.6487729325989466,2424,2.95970695970696,295.48626373626377,2498,3.0500610500610503,308.97161172161174,2.33801214265189,2.2456270595720462,-0.17578125
1947,47.460938226081915,52.539061773918085,18.795625796212224,-11.529734028834827,-11.529734028834827,-5.078123547836167,2400,2.9304029304029307,291.1126373626374,2501,3.053724053724054,309.51831501831504,2.33801214265189,2.2455159128896396,-0.87890625
1980,47.34670926449682,52.65329073550318,18.968837263526428,-11.955122579637333,-11.955122579637333,-5.306581471006357,2381,2.9072039072039075,287.6501831501832,2537,3.0976800976800978,316.07875457875457,2.344108380744789,2.2452326463585037,-1.23046875
2013,46.369923842498146,53.630076157501854,19.141787194666183,-16.9324958574408,-16.9324958574408,-7.260152315003706,2359,2.88034188034188,283.6410256410256,2547,3.10989010989011,317.9010989010989,2.3592143640807275,2.2452326463585037,-1.93359375
2046,47.414568874714824,52.585431125285176,19.283022202666714,-13.857439050532633,-13.857439050532633,-5.17086225057035,2345,2.863247863247863,281.08974358974353,2566,3.133089133089133,321.36355311355305,2.342353819715641,2.2457289417405275,-3.251953125
2080,48.690991369320656,51.309008630679344,19.406595825883066,-8.723715141573791,-8.723715141573791,-2.618017261358683,2343,2.8608058608058604,280.72527472527463,2581,3.1514041514041513,324.09706959706955,2.332258631300199,2.2454209124830116,-4.130859375
2112,48.879213571104565,51.120786428895435,19.544213386665778,-7.393732157206756,-7.393732157206756,-2.2415728577908762,2336,2.852258852258852,279.44963369963364,2569,3.1367521367521367,321.9102564102564,2.332258631300199,2.2452887231535383,-4.21875
2145,49.02885745227687,50.97114254772313,19.6312579416469,-6.484760709748059,-6.484760709748059,-1.942285095446259,2357,2.8778998778998774,283.27655677655673,2557,3.122100122100122,319.7234432234432,2.3312572197539163,2.2452887231535383,-4.130859375
2178,49.30005468946027,50.69994531053973,19.71720146827222,-4.305151502348821,-4.305151502348821,-1.3998906210794666,2386,2.9133089133089136,288.5613553113553,2527,3.0854700854700856,314.2564102564103,2.325623068676934,2.24545971312558,-3.515625
2211,50.69514410978394,49.30485589021606,19.80463470933367,3.974892136202584,3.974892136202584,1.3902882195678714,2414,2.9474969474969477,293.6639194139195,2517,3.0732600732600734,312.434065934066,2.325623068676934,2.245223033404579,-1.93359375
2244,51.49256602016628,48.50743397983372,19.92208494933194,8.471792269153354,8.471792269153354,2.985132040332561,2455,2.9975579975579976,301.13553113553115,2463,3.0073260073260073,302.59340659340654,2.3382744701273057,2.2455159128896396,-0.615234375
2277,50.32750530477574,49.67249469522426,20.06851999082366,5.304352656643955,5.304352656643955,0.655010609551487,2492,3.0427350427350426,307.8782051282051,2412,2.9450549450549453,293.29945054945057,2.3193968757587458,2.2455159128896396,1.142578125
2310,50.0408700141065,49.9591299858935,20.180718378666477,5.308063742619822,5.308063742619822,0.08174002821300097,2489,3.039072039072039,307.33150183150184,2427,2.9633699633699635,296.03296703296706,2.34282130668849,2.2458050717068554,2.63671875
2343,49.677244420844794,50.322755579155206,20.355529850353445,2.4108857490691946,2.4108857490691946,-0.645511158310417,2486,3.0354090354090353,306.7847985347985,2407,2.938949938949939,292.3882783882784,2.34282130668849,2.2457289417405275,2.4609375
2376,50.041597999902855,49.958402000097145,20.551355125455906,2.50508882854524,2.50508882854524,0.08319599980570647,2502,3.054945054945055,309.7005494505495,2409,2.9413919413919416,292.75274725274727,2.3515659586562685,2.245410611596403,1.494140625
2409,52.77212413481837,47.22787586518163,20.814653975996947,15.689175253879213,15.689175253879213,5.5442482696367374,2489,3.039072039072039,307.33150183150184,2408,2.9401709401709404,292.5705128205128,2.316900345589169,2.245410611596403,1.93359375
2442,52.83338429960808,47.16661570039192,21.10267895072364,15.565703485782905,15.565703485782905,5.666768599216157,2491,3.0415140415140414,307.69597069597063,2417,2.9511599511599513,294.2106227106227,2.3386608055097122,2.2458331205650306,2.021484375
2475,51.60730347713672,48.39269652286328,21.45100104093453,9.949736451604608,9.949736451604608,3.214606954273431,2502,3.054945054945055,309.7005494505495,2409,2.9413919413919416,292.75274725274727,2.3386608055097122,2.245764086973261,2.021484375
2508,50.50671734793771,49.49328265206229,21.773575871998386,5.3273217282767575,5.3273217282767575,1.013434695875423,2513,3.0683760683760686,311.70512820512823,2397,2.926739926739927,290.56593406593413,2.336985027162468,2.245033533489279,2.197265625
2541,49.744933036326934,50.255066963673066,22.037352848361333,2.4354668727328317,2.4354668727328317,-0.5101339273461354,2510,3.064713064713065,311.15842490842493,2404,2.9352869352869355,291.8415750915751,2.3269031182668742,2.245033533489279,2.548828125
2574,49.644043289983905,50.355956710016095,22.25794227200008,1.769107717042317,1.769107717042317,-0.7119134200321862,2501,3.053724053724054,309.51831501831504,2403,2.9340659340659343,291.65934065934067,2.3330866029808677,2.245644802597179,2.548828125
2607,49.73679392959231,50.26320607040769,22.361741418663065,2.039568508240393,2.039568508240393,-0.5264121408153777,2480,3.028083028083028,305.69139194139194,2425,2.960927960927961,295.66849816849816,2.3330866029808677,2.2453027999033837,2.4609375
2640,49.91839249148922,50.08160750851078,22.5,1.2902927154196107,1.2902927154196107,-0.16321501702155808,2468,3.0134310134310134,303.50457875457874,2448,2.989010989010989,299.8598901098901,2.3533750924090087,2.2452289842735396,1.494140625
2673,49.97273161616706,50.02726838383294,22.5,0.5627429833925888,0.5627429833925888,-0.05453676766588672,2469,3.0146520146520146,303.6868131868132,2446,2.9865689865689866,299.4954212454212,2.3428653428056414,2.2452289842735396,0.52734375
2706,48.48805624248442,51.51194375751558,22.5,-5.385592030862959,-5.385592030862959,-3.0238875150311637,2470,3.015873015873016,303.8690476190476,2452,2.993894993894994,300.58882783882785,2.3395063088966905,2.2455509386570447,0.439453125
2739,47.332914193460304,52.667085806539696,22.483830671999527,-10.232089785262467,-10.232089785262467,-5.334171613079393,2429,2.965811965811966,296.3974358974359,2485,3.034188034188034,306.6025641025641,2.3395063088966905,2.245124847482377,0.439453125
2772,49.69551119440445,50.30448880559555,22.380554463062293,-1.8363835532701245,-1.8363835532701245,-0.6089776111910914,2385,2.9120879120879124,288.37912087912093,2517,3.0732600732600734,312.434065934066,2.3587266820371,2.2457078778922184,-0.791015625
2805,52.57951651064027,47.42048348935973,22.2090459378791,7.126132520099304,7.126132520099304,5.159033021280537,2386,2.9133089133089136,288.5613553113553,2515,3.070818070818071,312.0695970695971,2.3609287978688496,2.2457078778922184,-3.427734375
2838,52.799994477574906,47.200005522425094,22.006915722670502,9.916721407307676,9.916721407307676,5.599988955149808,2410,2.942612942612943,292.9349816849817,2485,3.034188034188034,306.6025641025641,2.2988696386973664,2.2456410250322745,-3.251953125
2871,57.42514811740676,42.57485188259324,21.65660992471315,33.69688116994834,33.69688116994834,14.850296234813523,2477,3.0244200244200243,305.14468864468864,2416,2.94993894993895,294.02838827838826,2.2988696386973664,2.246354467020394,-0.791015625
2904,52.65425616549365,47.34574383450635,21.302721135392876,15.438082660944065,15.438082660944065,5.308512330987291,2600,3.1746031746031744,327.55952380952374,2345,2.863247863247863,281.08974358974353,2.3199006565022615,2.2460219202246736,2.021484375
2937,51.01589537268463,48.98410462731537,20.863862480096653,11.198347769523252,11.198347769523252,2.0317907453692703,2590,3.1623931623931623,325.73717948717945,2317,2.829059829059829,275.98717948717945,2.3400975086672315,2.2460219202246736,5.009765625
2970,49.48040164917191,50.51959835082809,20.426310569418764,4.651467380974083,4.651467380974083,-1.0391967016561805,2574,3.142857142857143,322.82142857142856,2333,2.8485958485958482,278.90293040293034,2.382114148141672,2.2454527312248396,6.328125
3003,51.303546487480595,48.696453512519405,20.006203389641907,8.079374077093036,8.079374077093036,2.607092974961188,2527,3.0854700854700856,314.2564102564103,2366,2.8888888888888884,284.9166666666666,2.382114148141672,2.2456798313802895,4.130859375
3036,45.62859280237617,54.37140719762383,19.655188320002438,-19.958770581938538,-19.958770581938538,-8.742814395247668,2507,3.0610500610500613,310.61172161172163,2380,2.9059829059829063,287.4679487179488,2.3279011212174447,2.2452396272327877,1.23046875
3069,48.882334246104925,51.117665753895075,19.32011663153237,-5.023290033389159,-5.023290033389159,-2.2353315077901534,2429,2.965811965811966,296.3974358974359,2487,3.0366300366300365,306.96703296703294,2.286922908064811,2.2452396272327877,0.3515625
3102,51.8452245944774,48.1547754055226,19.138097238362782,5.001505611213219,5.001505611213219,3.690449188954796,2390,2.9181929181929185,289.2902930402931,2504,3.0573870573870576,310.06501831501834,2.4016884754743066,2.2456728484528914,-1.7578125
3135,51.51751625903912,48.48248374096088,18.78140644000713,-0.10591288818841349,-0.10591288818841349,3.0350325180782454,2414,2.9474969474969477,293.6639194139195,2472,3.0183150183150182,304.2335164835165,2.4016884754743066,2.2451107724059836,-4.74609375
3168,49.618750182981735,50.381249817018265,18.34240124824116,-3.1089284399020016,-3.1089284399020016,-0.762499634036534,2413,2.9462759462759465,293.48168498168496,2485,3.034188034188034,306.6025641025641,2.2529751591414775,2.246867860873286,-2.724609375
3201,55.996467492802246,44.003532507197754,17.915843359999613,27.299816024480627,27.299816024480627,11.992934985604494,2419,2.9536019536019538,294.5750915750916,2468,3.0134310134310134,303.50457875457874,2.349655993278431,2.246867860873286,-0.263671875
3234,50.576514020892034,49.423485979107966,17.475804762065877,0.5255311284923323,0.5255311284923323,1.1530280417840624,2541,3.1025641025641026,316.80769230769226,2372,2.8962148962148966,286.01007326007334,2.3442766195099867,2.2459421154020007,-0.966796875
3267,47.796335640272666,52.203664359727334,17.03721863058957,-7.452712988485935,-7.452712988485935,-4.407328719454662,2531,3.0903540903540905,314.98534798534797,2369,2.892551892551893,285.46336996337004,2.3442766195099867,2.3255503236916653,1.23046875
3300,50.07126790210414,49.92873209789586,16.61015871681817,5.637181611049186,5.637181611049186,0.14253580420827638,2493,3.043956043956044,308.06043956043953,2404,2.9352869352869355,291.8415750915751,2.311209839053607,2.2457430226304824,3.955078125
3333,45.15198785257578,54.84801214742422,16.25916660800524,-23.045496949372975,-23.045496949372975,-9.696024294848446,2494,3.045177045177045,308.242673992674,2402,2.932844932844933,291.4771062271063,2.4124971572955043,2.2457430226304824,0.615234375
3366,48.24198878233234,51.75801121766766,15.995048441681735,-10.088979527673658,-10.088979527673658,-3.516022435335321,2423,2.9584859584859586,295.3040293040293,2509,3.0634920634920637,310.97619047619054,2.2528385064356837,2.2456939118083583,-1.23046875
3399,48.462452584595894,51.537547415404106,15.568558921646305,-8.490308163283714,-8.490308163283714,-3.0750948308082173,2367,2.8901098901098896,285.098901098901,2519,3.075702075702076,312.79853479853483,2.2528385064356837,2.2455368595736087,-1.669921875
3432,47.026609206958426,52.973390793041574,15.043638464010318,-18.965228732324903,-18.965228732324903,-5.946781586083141,2390,2.9181929181929185,289.2902930402931,2515,3.070818070818071,312.0695970695971,2.3828190377215814,2.2452606844934184,-4.482421875
3465,47.302786686225495,52.697213313774505,14.431285767727557,-14.496109362338018,-14.496109362338018,-5.394426627549015,2381,2.9072039072039075,287.6501831501832,2548,3.111111111111111,318.0833333333333,2.275684933477538,2.2452606844934184,-3.779296875
3498,47.77807888469949,52.22192111530051,13.667698107192129,-11.686190821136478,-11.686190821136478,-4.443842230601026,2375,2.8998778998779002,286.5567765567766,2556,3.120879120879121,319.54120879120876,2.383981443725373,2.2455228950850636,-3.1640625
3531,48.56046767866313,51.43953232133687,12.877593959087287,-10.147609231255785,-10.147609231255785,-2.8790646426737325,2385,2.9120879120879124,288.37912087912093,2550,3.1135531135531136,318.4478021978022,2.3401776349369054,2.2452008322945485,-4.130859375
3564,49.134991482738926,50.865008517261074,12.086848181699532,-6.913882287645748,-6.913882287645748,-1.7300170345221488,2378,2.903540903540904,287.1034798534799,2541,3.1025641025641026,316.80769230769226,2.3401776349369054,2.2451879008719113,-4.130859375
3597,49.65016528519105,50.34983471480895,11.478802760450453,-4.339180940432243,-4.339180940432243,-0.6996694296178921,2382,2.9084249084249088,287.83241758241763,2544,3.1062271062271063,317.3543956043956,2.3465756610990915,2.2451879008719113,-3.955078125
3630,49.8646474564581,50.1353525435419,11.025036626672994,-3.517844883336437,-3.517844883336437,-0.2707050870837951,2388,2.915750915750916,288.9258241758242,2524,3.081807081807082,313.709706959707,2.3429092581755135,2.2457500058851942,-3.955078125
3663,49.867761769179836,50.132238230820164,10.665022731824703,-2.492759688674994,-2.492759688674994,-0.2644764616403311,2407,2.938949938949939,292.3882783882784,2481,3.029304029304029,305.87362637362634,2.311475438702778,2.2449960025361597,-3.33984375
3696,50.7043302511808,49.2956697488192,10.245712834126044,3.336401251506686,3.336401251506686,1.4086605023616026,2423,2.9584859584859586,295.3040293040293,2476,3.023199023199023,304.9624542124542,2.311475438702778,2.2453518978962244,-1.7578125
3730,50.35022850955447,49.64977149044553,9.798923118581925,1.9813628509069616,1.9813628509069616,0.7004570191089445,2450,2.9914529914529915,300.22435897435895,2443,2.982905982905983,298.94871794871796,2.3397105737620594,2.2453518978962244,-0.966796875
3762,51.001359248641705,48.998640751358295,9.214180285009856,5.251538499002535,5.251538499002535,2.002718497283407,2470,3.015873015873016,303.8690476190476,2437,2.9755799755799757,297.85531135531136,2.323628945228545,2.2459831050091865,-0.3515625
3795,52.18362310446297,47.81637689553703,8.540067122657641,10.892571966595607,10.892571966595607,4.367246208925932,2488,3.0378510378510377,307.14926739926733,2433,2.970695970695971,297.1263736263736,2.323628945228545,2.245586079711273,0.263671875
3828,52.70880402918706,47.29119597081294,7.838705898681193,13.012250541121176,13.012250541121176,5.417608058374114,2513,3.0683760683760686,311.70512820512823,2391,2.9194139194139197,289.4725274725275,2.3418056490897095,2.2456939118083583,0.52734375
3861,52.620091782070794,47.379908217929206,7.0606746011254415,14.561170453022768,14.561170453022768,5.240183564141591,2534,3.094017094017094,315.5320512820513,2371,2.8949938949938954,285.82783882783883,2.30602632172465,2.2456939118083583,1.93359375
3894,49.10919749074715,50.89080250925285,6.362412480246464,0.6648152751842531,0.6648152751842531,-1.7816050185057006,2560,3.1257631257631258,320.2701465201465,2360,2.881562881562881,283.82326007326,2.335398335454986,2.2457500058851942,3.427734375
3927,49.23654301515868,50.76345698484132,5.6629924482196214,0.7217057503311253,0.7217057503311253,-1.5269139696826435,2548,3.111111111111111,318.0833333333333,2366,2.8888888888888884,284.9166666666666,2.335398335454986,2.2452957042893544,3.69140625
3960,49.93562569354116,50.06437430645884,5.104558300489186,2.4676266524992627,2.4676266524992627,-0.1287486129176714,2517,3.0732600732600734,312.434065934066,2421,2.956043956043956,294.9395604395604,2.3437573108620375,2.24545971312558,2.98828125
3993,45.87528085965254,54.12471914034746,4.520167422799464,-18.01529440712224,-18.01529440712224,-8.249438280694921,2490,3.04029304029304,307.51373626373623,2415,2.948717948717949,293.84615384615387,2.3598346301084554,2.24545971312558,0.966796875
4026,46.21039842825108,53.78960157174892,3.9082045439992656,-17.07926406450088,-17.07926406450088,-7.579203143497831,2423,2.9584859584859586,295.3040293040293,2517,3.0732600732600734,312.434065934066,2.3188563833106053,2.2456517853937656,-0.3515625
4059,48.035442131133074,51.964557868866926,3.431994405547771,-11.35053075544323,-11.35053075544323,-3.9291157377338557,2347,2.8656898656898653,281.4542124542124,2567,3.1343101343101343,321.54578754578756,2.3188563833106053,2.245886014127322,-2.373046875
4092,50.36905061168739,49.63094938831261,3.002632834123245,-4.549778829044072,-4.549778829044072,0.7381012233747853,2349,2.8681318681318677,281.8186813186813,2547,3.10989010989011,317.9010989010989,2.388466421563458,2.245281742050281,-5.2734375
4125,49.10048392264766,50.89951607735234,2.6331168096353466,-7.575042113654746,-7.575042113654746,-1.7990321547046713,2358,2.8791208791208787,283.4587912087911,2538,3.098901098901099,316.260989010989,2.255771329852592,2.245281742050281,-4.921875
4158,48.96046890056403,51.03953109943597,2.281486581334847,-3.9967479862189066,-3.9967479862189066,-2.079062198871938,2370,2.893772893772894,285.64560439560444,2541,3.1025641025641026,316.80769230769226,2.344239991240871,2.2461482197622593,-2.28515625
4191,48.67677512556948,51.32322487443052,2.003000262296056,-6.345796158061432,-6.345796158061432,-2.6464497488610434,2395,2.9242979242979246,290.2014652014652,2523,3.0805860805860807,313.5274725274725,2.344239991240871,2.245777023374141,-1.93359375
4224,48.97170286676958,51.02829713323042,1.677177834667341,-5.364730368943839,-5.364730368943839,-2.0565942664608374,2400,2.9304029304029307,291.1126373626374,2511,3.065934065934066,311.34065934065933,2.349633940525122,2.2453238580527315,-2.021484375
4257,49.287971873689315,50.712028126310685,1.3894024479996872,-3.584674328518389,-3.584674328518389,-1.424056252621365,2413,2.9462759462759465,293.48168498168496,2500,3.0525030525030528,309.33608058608064,2.339397127028931,2.2453238580527315,-1.845703125
4290,49.996044280378904,50.003955719621096,1.0695126986804708,-0.30776060784747017,-0.30776060784747017,-0.007911439242197615,2417,2.9511599511599513,294.2106227106227,2482,3.0305250305250304,306.0558608058608,2.329060566821923,2.245619962420873,-1.669921875
4323,50.41757236456767,49.58242763543233,0.6595165599993014,2.6907045664291758,2.6907045664291758,0.8351447291353387,2438,2.976800976800977,298.03754578754575,2464,3.0085470085470085,302.77564102564105,2.329060566821923,2.2458191533128278,-0.87890625
4356,49.805496048722304,50.194503951277696,0.21996699182621476,1.637835910713147,1.637835910713147,-0.3890079025553953,2463,3.0073260073260073,302.59340659340654,2448,2.989010989010989,299.8598901098901,2.3290533123073716,2.2450686623987006,0.439453125
4389,50.26003967440084,49.73996032559916,-0.09109933152419125,4.177409166666507,4.177409166666507,0.5200793488016937,2463,3.0073260073260073,302.59340659340654,2433,2.970695970695971,297.1263736263736,2.3394774607706212,2.2450686623987006,1.318359375
4422,50.33235826055581,49.66764173944419,-0.3519202457252699,3.716819474869311,3.716819474869311,0.6647165211116205,2470,3.015873015873016,303.8690476190476,2445,2.9853479853479854,299.3131868131868,2.3491935630483645,2.2455088162653665,1.23046875
4455,52.54067197171607,47.45932802828393,-0.6155945119986421,13.159175426540415,13.159175426540415,5.081343943432147,2465,3.0097680097680097,302.95787545787545,2440,2.9792429792429793,298.40201465201466,2.3491935630483645,2.245152883598043,1.142578125
4488,53.973464313690826,46.026535686309174,-0.9315532997657661,19.214238390621887,19.214238390621887,7.946928627381649,2505,3.058608058608059,310.2472527472528,2387,2.914529914529915,288.7435897435898,2.3435013822934514,2.245208957404861,1.142578125
4521,52.522184540075315,47.477815459924685,-1.222919514758866,15.3655768882671,15.3655768882671,5.044369080150638,2559,3.1245421245421245,320.0879120879121,2330,2.8449328449328446,278.35622710622704,2.297748300565175,2.245208957404861,2.8125
4554,48.19329534336074,51.80670465663926,-1.5989236400012738,0.517659824405456,0.517659824405456,-3.6134093132785186,2559,3.1245421245421245,320.0879120879121,2348,2.8669108669108665,281.6364468864468,2.338267172521298,2.26289312535807,5.9765625
4587,49.75156386216567,50.24843613783433,-1.9754964892883051,5.292990901910798,5.292990901910798,-0.49687227566866765,2530,3.0891330891330893,314.8031135531136,2371,2.8949938949938954,285.82783882783883,2.338267172521298,2.2456798313802895,5.9765625
4620,51.10382680360934,48.89617319639066,-2.2703480319967504,6.216920002079945,6.216920002079945,2.207653607218681,2496,3.047619047619048,308.6071428571429,2396,2.925518925518926,290.3836996336996,2.369172515818082,2.2455228950850636,2.98828125
4654,47.01874624880429,52.98125375119571,-2.5405360559950916,-12.793481612551574,-12.793481612551574,-5.9625075023914205,2484,3.032967032967033,306.42032967032964,2409,2.9413919413919416,292.75274725274727,2.3017934051489948,2.2455849350385284,1.0546875
4686,47.521838965580415,52.478161034419585,-2.7922915756158417,-8.220503455803794,-8.220503455803794,-4.956322068839172,2436,2.9743589743589745,297.6730769230769,2464,3.0085470085470085,302.77564102564105,2.3002268662170584,2.2455849350385284,1.58203125
4719,48.24834506473875,51.75165493526125,-3.0015697760003004,-6.552319628153555,-6.552319628153555,-3.5033098705225045,2377,2.9023199023199027,286.9212454212455,2511,3.065934065934066,311.34065934065933,2.3986943343876623,2.2455990145741036,0.791015625
4752,52.250964183450854,47.749035816549146,-3.179168314663306,7.9579569415992815,7.9579569415992815,4.501928366901709,2377,2.9023199023199027,286.9212454212455,2509,3.0634920634920637,310.97619047619054,2.3986943343876623,2.2453027999033837,-1.318359375
4785,52.22744574154809,47.77255425845191,-3.351427488468759,8.930169091630788,8.930169091630788,4.454891483096179,2381,2.9072039072039075,287.6501831501832,2534,3.094017094017094,315.5320512820513,2.282600976103023,2.2453027999033837,-1.40625
4818,52.46891675092345,47.53108324907655,-3.572258114059349,12.908207056820448,12.908207056820448,4.937833501846892,2446,2.9865689865689866,299.4954212454212,2458,3.001221001221001,301.6822344322344,2.333718785541205,2.248318272505612,0.439453125
4851,55.552739450578315,44.447260549421685,-3.787436143996311,28.192874760124965,28.192874760124965,11.105478901156637,2494,3.045177045177045,308.242673992674,2419,2.9536019536019538,294.5750915750916,2.3318449318567125,2.2451037921326424,2.4609375
4884,52.59152753047799,47.40847246952201,-3.9606927976456627,16.04127023275322,16.04127023275322,5.183055060955977,2566,3.133089133089133,321.36355311355305,2354,2.874236874236874,282.72985347985343,2.3318449318567125,2.2453097811048517,3.955078125
4917,52.210791790809004,47.789208209190996,-4.088541703998364,16.5422443599588,16.5422443599588,4.421583581618013,2575,3.144078144078144,323.00366300366295,2330,2.8449328449328446,278.35622710622704,2.3377642065475874,2.2453097811048517,5.9765625
4950,51.10837027662157,48.89162972337843,-4.1766629493322105,12.138639146572928,12.138639146572928,2.2167405532431474,2562,3.128205128205128,320.63461538461536,2324,2.8376068376068373,277.2628205128205,2.363807980304854,2.2457840067874453,7.119140625
4983,50.738994397583035,49.261005602416965,-4.263212569175798,7.657938976182265,7.657938976182265,1.4779887951660708,2582,3.1526251526251525,324.279304029304,2344,2.8620268620268616,280.90750915750914,2.363807980304854,2.2457219585840646,5.888671875
5016,50.09423402736569,49.90576597263431,-4.349911962666646,5.493477137817507,5.493477137817507,0.18846805473137943,2539,3.1001221001221,316.4432234432235,2369,2.892551892551893,285.46336996337004,2.309821147317722,2.2457430226304824,5.80078125
5049,50.187996710851905,49.812003289148095,-4.436153676527865,4.6525839096137815,4.6525839096137815,0.3759934217038159,2507,3.0610500610500613,310.61172161172163,2428,2.9645909645909647,296.21520146520146,2.3578778820453263,2.2457430226304824,5.009765625
5082,50.25031492878145,49.74968507121855,-4.522398306666874,1.9537199283766995,1.9537199283766995,0.5006298575629047,2486,3.0354090354090353,306.7847985347985,2440,2.9792429792429793,298.40201465201466,2.344437549876604,2.2460710418070176,2.900390625
5115,49.873853623168145,50.126146376831855,-4.6102588133326705,0.1222063509626139,0.1222063509626139,-0.25229275366371673,2462,3.006105006105006,302.41117216117215,2435,2.9731379731379732,297.4908424908425,2.344437549876604,2.2453998529682897,1.93359375
5148,50.01119036859519,49.98880963140481,-4.738636074663644,1.5308117466156261,1.5308117466156261,0.02238073719037073,2449,2.9902319902319903,300.04212454212455,2467,3.012210012210012,303.3223443223443,2.3222218245022836,2.2456377053618928,2.021484375
5181,50.27332344770912,49.72667655229088,-4.912052117645506,2.4727660094999635,2.4727660094999635,0.5466468954182406,2444,2.984126984126984,299.1309523809524,2465,3.0097680097680097,302.95787545787545,2.3486065040174786,2.2456377053618928,1.93359375
5214,49.951095674644826,50.048904325355174,-5.085080863999513,1.1237593633147895,1.1237593633147895,-0.0978086507103472,2446,2.9865689865689866,299.4954212454212,2456,2.998778998778999,301.31776556776555,2.3489220484437627,2.2460111572027444,1.93359375
5247,50.01269980946959,49.98730019053041,-5.223101155270861,1.4053439063494437,1.4053439063494437,0.0253996189391745,2449,2.9902319902319903,300.04212454212455,2459,3.0024420024420024,301.86446886446885,2.3489220484437627,2.2456658655580615,1.93359375
5280,50.22189617214621,49.77810382785379,-5.309797766821842,2.3218165668688187,2.3218165668688187,0.44379234429242265,2455,2.9975579975579976,301.13553113553115,2452,2.993894993894994,300.58882783882785,2.3498321814223946,2.2458050717068554,1.93359375
5313,50.541156757746435,49.458843242253565,-5.395891037331545,3.699110001658184,3.699110001658184,1.0823135154928758,2450,2.9914529914529915,300.22435897435895,2468,3.0134310134310134,303.50457875457874,2.3484671802291683,2.2458050717068554,1.93359375
5346,50.884499774470825,49.115500225529175,-5.518779434666231,5.156186143772246,5.156186143772246,1.768999548941655,2458,3.001221001221001,301.6822344322344,2472,3.0183150183150182,304.2335164835165,2.3478217758091957,2.246036003870219,1.93359375
5379,51.22443033658368,48.77556966341632,-5.726564798820078,6.57240689433435,6.57240689433435,2.448860673167367,2451,2.9926739926739927,300.4065934065934,2464,3.0085470085470085,302.77564102564105,2.3478217758091957,2.245864948069085,1.93359375
5412,51.53532874196488,48.46467125803512,-5.985419354484162,7.837422110653492,7.837422110653492,3.0706574839297636,2463,3.0073260073260073,302.59340659340654,2473,3.0195360195360195,304.4157509157509,2.349325724536044,2.2457360394083423,1.93359375
5446,51.7829319120817,48.2170680879183,-6.2572621359994525,8.805379669918537,8.805379669918537,3.5658638241634066,2475,3.021978021978022,304.78021978021974,2439,2.978021978021978,298.21978021978026,2.3453305381954626,2.2457360394083423,1.93359375
5478,51.6041150440671,48.3958849559329,-6.4785043242352405,9.217830972583698,9.217830972583698,3.208230088134205,2492,3.0427350427350426,307.8782051282051,2422,2.9572649572649574,295.1217948717949,2.3226612618814637,2.2459490995853684,2.724609375
5511,51.52679155266698,48.47320844733302,-6.680245210877836,10.431232636841173,10.431232636841173,3.0535831053339546,2501,3.053724053724054,309.51831501831504,2405,2.9365079365079367,292.0238095238096,2.3422367564468987,2.2458929980490048,4.04296875
5544,51.11605353117779,48.88394646882221,-6.914036666665109,8.106930377828206,8.106930377828206,2.23210706235558,2509,3.0634920634920637,310.97619047619054,2405,2.9365079365079367,292.0238095238096,2.3422367564468987,2.2458228168417835,4.306640625
5577,50.58058028124111,49.41941971875889,-7.088687980702213,5.544064695617749,5.544064695617749,1.1611605624822268,2509,3.0634920634920637,310.97619047619054,2402,2.932844932844933,291.4771062271063,2.343494060204502,2.24610619507079,4.306640625
5610,50.34569366449341,49.65430633550659,-7.2878015920003545,4.503521713563572,4.503521713563572,0.6913873289868173,2513,3.0683760683760686,311.70512820512823,2403,2.9340659340659343,291.65934065934067,2.3393239782363047,2.24610619507079,4.306640625
5645,50.30060908741239,49.69939091258761,-7.568721005238734,4.304524655723327,4.304524655723327,0.6012181748247799,2505,3.058608058608059,310.2472527472528,2400,2.9304029304029307,291.1126373626374,2.339747095925228,2.2466545554006236,4.306640625
5676,50.303969530991196,49.696030469008804,-7.838421545406444,4.319132571690858,4.319132571690858,0.6079390619823912,2508,3.0622710622710625,310.79395604395603,2401,2.931623931623932,291.2948717948718,2.339747095925228,2.2465114905012262,4.306640625
5709,50.30845731618804,49.69154268381196,-8.134419903996788,4.338367106040579,4.338367106040579,0.6169146323760768,2499,3.0512820512820515,309.1538461538462,2407,2.938949938949939,292.3882783882784,2.3424121107410034,2.2465114905012262,4.306640625
5742,50.31787910450661,49.68212089549339,-8.334441261935764,4.233021390272938,4.233021390272938,0.6357582090132157,2486,3.0354090354090353,306.7847985347985,2417,2.9511599511599513,294.2106227106227,2.3508237623393144,2.2465632626099166,4.21875
5775,50.39731843887945,49.60268156112055,-8.595541491059034,3.4699030865633063,3.4699030865633063,0.7946368777589083,2478,3.0256410256410255,305.32692307692304,2427,2.9633699633699635,296.03296703296706,2.349068883379424,2.2464273073756553,3.515625
5811,50.33694316171417,49.66305683828583,-8.84735802666455,2.7970809741677556,2.7970809741677556,0.6738863234283383,2465,3.0097680097680097,302.95787545787545,2439,2.978021978021978,298.21978021978026,2.344693753948105,2.2463473664205624,2.98828125
5878,50.21395123194665,49.78604876805335,-9.260129910117206,2.468037967649849,2.468037967649849,0.42790246389329956,2459,3.0024420024420024,301.86446886446885,2448,2.989010989010989,299.8598901098901,2.3512719568473126,2.246277163914807,2.900390625
5891,50.1816297718086,49.8183702281914,-9.292243048175687,2.2477419257011206,2.2477419257011206,0.3632595436171977,2462,3.006105006105006,302.41117216117215,2444,2.984126984126984,299.1309523809524,2.3512719568473126,2.2463053361400434,2.8125
5910,50.134746817137504,49.865253182862496,-9.342302261332845,1.9666788312853498,1.9666788312853498,0.26949363427501327,2458,3.001221001221001,301.6822344322344,2454,2.9963369963369964,300.9532967032967,2.35184529305061,2.2463053361400434,2.724609375
5940,50.13007357934005,49.86992642065995,-9.422926434665124,2.0177106528553566,2.0177106528553566,0.26014715868009586,2455,2.9975579975579976,301.13553113553115,2448,2.989010989010989,299.8598901098901,2.35184529305061,2.246388481651033,2.724609375
5978,50.264722626533654,49.735277373466346,-9.553448650352106,2.3229015187963,2.3229015187963,0.5294452530673125,2461,3.004884004884005,302.2289377289377,2458,3.001221001221001,301.6822344322344,2.3518893384568873,2.246388481651033,2.548828125
6006,50.310792387944616,49.689207612055384,-9.700891930663026,2.6421661000285326,2.6421661000285326,0.6215847758892334,2455,2.9975579975579976,301.13553113553115,2456,2.998778998778999,301.31776556776555,2.35193350779483,2.246346335691126,2.548828125
6039,50.4384091753332,49.5615908246668,-9.876421434663856,3.0481834356746162,3.0481834356746162,0.876818350666396,2468,3.0134310134310134,303.50457875457874,2462,3.006105006105006,302.41117216117215,2.351338062586464,2.2457710703262252,2.4609375
6072,50.503814266842944,49.496185733157056,-10.035532498941604,3.378999483476747,3.378999483476747,1.007628533685893,2460,3.0036630036630036,302.0467032967033,2464,3.0085470085470085,302.77564102564105,2.351338062586464,2.2454069490760236,2.4609375
6105,50.61355077420253,49.38644922579747,-10.120529952000439,3.838370937153485,3.838370937153485,1.2271015484050527,2456,2.998778998778999,301.31776556776555,2452,2.993894993894994,300.58882783882785,2.351455686184088,2.2454069490760236,2.4609375
6138,50.714762988301466,49.285237011698534,-10.195,4.25256725354987,4.25256725354987,1.4295259766029287,2457,3.0,301.5,2447,2.987789987789988,299.6776556776557,2.3515733186079553,2.246007836711595,2.4609375
6171,50.818279770943406,49.181720229056594,-10.168888774999841,4.669347719904323,4.669347719904323,1.6365595418868082,2456,2.998778998778999,301.31776556776555,2451,2.9926739926739927,300.4065934065934,2.3515733186079553,2.245623739932632,2.4609375
6204,50.904273440525394,49.095726559474606,-9.998291722670352,5.002698079413761,5.002698079413761,1.8085468810507932,2459,3.0024420024420024,301.86446886446885,2447,2.987789987789988,299.6776556776557,2.3532353440891454,2.2459691363577914,2.4609375
6237,50.969824998266674,49.030175001733326,-9.80056443733419,5.24145440605264,5.24145440605264,1.9396499965333405,2464,3.0085470085470085,302.77564102564105,2451,2.9926739926739927,300.4065934065934,2.3512498813401486,2.2459691363577914,2.4609375
6270,51.01853026226846,48.98146973773154,-9.439449879444446,5.402899113401787,5.402899113401787,2.037060524536928,2459,3.0024420024420024,301.86446886446885,2456,2.998778998778999,301.31776556776555,2.351330703739203,2.2464693410795142,2.4609375
6303,51.05422627476015,48.94577372523985,-9.012017760008767,5.505051408575127,5.505051408575127,2.108452549520292,2462,3.006105006105006,302.41117216117215,2442,2.9816849816849818,298.7664835164835,2.351330703739203,2.2455509386570447,2.4609375
6336,51.080067416188015,48.919932583811985,-8.547497804571806,5.562648368461453,5.562648368461453,2.160134832376025,2470,3.015873015873016,303.8690476190476,2433,2.970695970695971,297.1263736263736,2.3496412914083953,2.2457569891724787,2.4609375
6369,51.04896702096561,48.95103297903439,-7.830633125189258,5.517959340741442,5.517959340741442,2.0979340419312207,2473,3.0195360195360195,304.4157509157509,2423,2.9584859584859586,295.3040293040293,2.3303361953998585,2.2457569891724787,2.548828125
6402,50.83378521943758,49.16621478056242,-6.97137929268201,5.347915147149962,5.347915147149962,1.6675704388751662,2483,3.0317460317460316,306.2380952380952,2418,2.9523809523809526,294.39285714285717,2.330611392429252,2.245886014127322,3.076171875
6435,50.76875311741655,49.23124688258345,-5.993654634688914,4.824520837975911,4.824520837975911,1.5375062348331017,2476,3.023199023199023,304.9624542124542,2413,2.9462759462759465,293.48168498168496,2.330611392429252,2.245764086973261,3.1640625
6468,50.69008386600927,49.30991613399073,-4.9459068572057925,4.395994396392382,4.395994396392382,1.3801677320185282,2485,3.034188034188034,306.6025641025641,2425,2.960927960927961,295.66849816849816,2.3373051607404136,2.245630722630978,3.1640625
6501,50.68454228241064,49.31545771758936,-3.921017650766376,4.34993432141647,4.34993432141647,1.369084564821278,2482,3.0305250305250304,306.0558608058608,2418,2.9523809523809526,294.39285714285717,2.3366788105834186,2.245630722630978,3.1640625
6534,50.6565386209438,49.3434613790562,-2.8684646958349562,4.2073078857586665,4.2073078857586665,1.3130772418876004,2483,3.0317460317460316,306.2380952380952,2410,2.942612942612943,292.9349816849817,2.3368101604028637,2.2460289047802973,3.1640625
6567,50.61103619801386,49.38896380198614,-1.8978186711986684,3.991361920500651,3.991361920500651,1.2220723960277209,2482,3.0305250305250304,306.0558608058608,2411,2.943833943833944,293.1172161172161,2.3368101604028637,2.2456658655580615,3.1640625
6600,50.56704631024424,49.43295368975576,-0.7877096191743581,3.7858361368598423,3.7858361368598423,1.1340926204884783,2488,3.0378510378510377,307.14926739926733,2426,2.9621489621489623,295.8507326007326,2.3382014956045345,2.2455579210158323,3.1640625
6633,50.53046435134142,49.46953564865858,0.6180096920981906,3.6161051732886733,3.6161051732886733,1.060928702682838,2483,3.0317460317460316,306.2380952380952,2411,2.943833943833944,293.1172161172161,2.3371962544648346,2.2455579210158323,3.1640625
6666,50.502138605730345,49.497861394269655,2.0246844274743,3.4852067957075974,3.4852067957075974,1.0042772114606957,2489,3.039072039072039,307.33150183150184,2425,2.960927960927961,295.66849816849816,2.33721083968529,2.2458929980490048,3.1640625
6699,50.48132114453041,49.51867885546959,3.475621237175396,3.3892036441562823,3.3892036441562823,0.9626422890608287,2488,3.0378510378510377,307.14926739926733,2427,2.9633699633699635,296.03296703296706,2.33721083968529,2.2457569891724787,3.1640625
6732,50.46665056095243,49.53334943904757,4.625795426955813,3.3215688863088246,3.3215688863088246,0.9333011219048617,2496,3.047619047619048,308.6071428571429,2436,2.9743589743589745,297.6730769230769,2.3382598749494528,2.2457569891724787,3.1640625
6765,50.45672166932647,49.54327833067353,5.939647998418197,3.275702607605865,3.275702607605865,0.913443338652936,2495,3.0463980463980462,308.4249084249084,2426,2.9621489621489623,295.8507326007326,2.337633141013064,2.2457569891724787,3.1640625
6798,50.45032467665546,49.54967532334454,7.137297202351224,3.2459701084298445,3.2459701084298445,0.9006493533109213,2496,3.047619047619048,308.6071428571429,2437,2.9755799755799757,297.85531135531136,2.3373855083073334,2.2457569891724787,3.1640625
6831,50.446458672547756,49.553541327452244,8.010079529041635,3.2277431303218975,3.2277431303218975,0.8929173450955071,2493,3.043956043956044,308.06043956043953,2435,2.9731379731379732,297.4908424908425,2.3373855083073334,2.2457078778922184,3.1640625
6864,50.444305586494444,49.555694413505556,9.07744620655725,3.2172689408214126,3.2172689408214126,0.8886111729888823,2491,3.0415140415140414,307.69597069597063,2432,2.9694749694749696,296.9441391941392,2.338063096643569,2.245494852038412,3.1640625
6897,50.44323031830191,49.55676968169809,10.10458825200286,3.211655240204152,3.211655240204152,0.8864606366038076,2491,3.0415140415140414,307.69597069597063,2434,2.971916971916972,297.30860805860806,2.3376478519014476,2.245494852038412,3.1640625
6930,50.442781826968236,49.557218173031764,11.158407905156604,3.208859493744683,3.208859493744683,0.8855636539364721,2485,3.034188034188034,306.6025641025641,2427,2.9633699633699635,296.03296703296706,2.337523725539687,2.2455849350385284,3.1640625
6963,50.44267088265713,49.55732911734287,12.212031577717216,3.2075772715975006,3.2075772715975006,0.8853417653142613,2485,3.034188034188034,306.6025641025641,2415,2.948717948717949,293.84615384615387,2.3377423209978616,2.2457569891724787,3.1640625
6996,50.44272918197634,49.55727081802366,13.004594412996,3.2070517815089943,3.2070517815089943,0.8854583639526751,2483,3.0317460317460316,306.2380952380952,2437,2.9755799755799757,297.85531135531136,2.3377423209978616,2.245619962420873,3.1640625
7029,50.44286656823888,49.55713343176112,13.715297858875052,3.2068785917004448,3.2068785917004448,0.8857331364777548,2483,3.0317460317460316,306.2380952380952,2428,2.9645909645909647,296.21520146520146,2.339761705029937,2.245619962420873,3.1640625
7062,50.44303779527659,49.55696220472341,14.250008335991058,3.2068552248212825,3.2068552248212825,0.8860755905531826,2478,3.0256410256410255,305.32692307692304,2434,2.971916971916972,297.30860805860806,2.345506240040164,2.2458228168417835,3.1640625
7095,50.443221298017264,49.556778701982736,14.77523528000084,3.2068855003424233,3.2068855003424233,0.8864425960345244,2490,3.04029304029304,307.51373626373623,2442,2.9816849816849818,298.7664835164835,2.345506240040164,2.245543956330823,3.1640625
7128,50.44340734497953,49.55659265502047,15.152606325723069,3.2069262655162163,3.2069262655162163,0.8868146899590696,2477,3.0244200244200243,305.14468864468864,2447,2.987789987789988,299.6776556776557,2.35075019956286,2.245798088195297,3.1640625
7161,50.46750426120288,49.53249573879712,15.580121386663421,3.165009170091622,3.165009170091622,0.935008522405767,2475,3.021978021978022,304.78021978021974,2447,2.987789987789988,299.6776556776557,2.349633940525122,2.245798088195297,3.076171875
7194,50.45612308708622,49.54387691291378,15.935936910966793,3.171812553606628,3.171812553606628,0.9122461741724335,2472,3.0183150183150182,304.2335164835165,2437,2.9755799755799757,297.85531135531136,2.349633940525122,2.2460429884915376,3.076171875
7228,50.452291713376134,49.547708286623866,16.290213151993854,3.1534901085268245,3.1534901085268245,0.9045834267522703,2467,3.012210012210012,303.3223443223443,2442,2.9816849816849818,298.7664835164835,2.349633940525122,2.2456587682229214,3.076171875
7260,50.44506496187713,49.55493503812287,16.63605308527043,3.120773822300265,3.120773822300265,0.890129923754253,2478,3.0256410256410255,305.32692307692304,2433,2.970695970695971,297.1263736263736,2.3508751357258784,2.2456868143402597,3.076171875
7293,50.450826452956846,49.549173547043154,16.909192110113473,3.1449565502878443,3.1449565502878443,0.9016529059136902,2471,3.017094017094017,304.051282051282,2442,2.9816849816849818,298.7664835164835,2.3502802149381172,2.2456868143402597,3.076171875
7326,50.460208736873696,49.539791263126304,17.16596378235341,3.1844056534536094,3.1844056534536094,0.9204174737473928,2474,3.0207570207570207,304.59798534798534,2442,2.9816849816849818,298.7664835164835,2.3499349874145077,2.245921048554428,3.076171875
7359,50.46795116450685,49.53204883549315,17.43309856924519,3.2160391884175112,3.2160391884175112,0.9359023290137034,2478,3.0256410256410255,305.32692307692304,2441,2.9804639804639805,298.58424908424905,2.3499349874145077,2.245648122283299,3.076171875
7392,50.47370812270636,49.52629187729364,17.692517381645942,3.2384984414904636,3.2384984414904636,0.9474162454127236,2480,3.028083028083028,305.69139194139194,2439,2.978021978021978,298.21978021978026,2.351801126197643,2.2456587682229214,3.076171875
7425,50.478151058692355,49.521848941307645,18.022111722270427,3.254858727739105,3.254858727739105,0.9563021173847057,2475,3.021978021978022,304.78021978021974,2439,2.978021978021978,298.21978021978026,2.350206677673295,2.2456587682229214,3.076171875
7458,50.48172626493234,49.51827373506766,18.372644810664855,3.2671641435732397,3.2671641435732397,0.9634525298646868,2472,3.0183150183150182,304.2335164835165,2445,2.9853479853479854,299.3131868131868,2.350133266413233,2.2459140645019047,3.076171875
7491,50.484636093248895,49.515363906751105,18.651750633644063,3.276364559002843,3.276364559002843,0.9692721864977882,2471,3.017094017094017,304.051282051282,2445,2.9853479853479854,299.3131868131868,2.350133266413233,2.2457078778922184,3.076171875
7524,50.486987357697124,49.513012642302876,18.912839364758682,3.282978626920766,3.282978626920766,0.9739747153942541,2466,3.010989010989011,303.14010989010984,2438,2.976800976800977,298.03754578754575,2.3519701938297346,2.2455650178728903,3.076171875
7557,50.51616694206163,49.48383305793837,19.11258850666764,3.26016663220517,3.26016663220517,1.03233388412326,2467,3.012210012210012,303.3223443223443,2441,2.9804639804639805,298.58424908424905,2.3501993241366357,2.2455650178728903,2.98828125
7590,50.50793190645499,49.49206809354501,19.284596099295022,3.277337096798533,3.277337096798533,1.0158638129099775,2466,3.010989010989011,303.14010989010984,2430,2.967032967032967,296.57967032967036,2.3498615888837895,2.245886014127322,2.98828125
7623,50.50591232983926,49.49408767016074,19.459093146662966,3.2634109353618896,3.2634109353618896,1.0118246596785216,2474,3.0207570207570207,304.59798534798534,2442,2.9816849816849818,298.7664835164835,2.3498615888837895,2.2458120552509864,2.98828125
7656,50.499759076560835,49.500240923439165,19.635111050667124,3.231811219602662,3.231811219602662,0.9995181531216694,2472,3.0183150183150182,304.2335164835165,2433,2.970695970695971,297.1263736263736,2.3511396310997794,2.2455579210158323,2.98828125
7689,50.507484230766046,49.492515769233954,19.747022563029507,3.260950088253452,3.260950088253452,1.014968461532088,2472,3.0183150183150182,304.2335164835165,2439,2.978021978021978,298.21978021978026,2.349773490681019,2.2455579210158323,2.98828125
7722,50.51888389566538,49.48111610433462,19.892702799998613,3.305499599143218,3.305499599143218,1.037767791330762,2465,3.0097680097680097,302.95787545787545,2446,2.9865689865689866,299.4954212454212,2.3500672114748458,2.246049973145437,2.98828125
7755,50.52851239186792,49.47148760813208,20.068716554664814,3.341572982106527,3.341572982106527,1.057024783735837,2472,3.0183150183150182,304.2335164835165,2439,2.978021978021978,298.21978021978026,2.3500672114748458,2.2457289417405275,2.98828125
7788,50.53606053674374,49.46393946325626,20.298363518116727,3.367981291504833,3.367981291504833,1.0721210734874844,2472,3.0183150183150182,304.2335164835165,2440,2.9792429792429793,298.40201465201466,2.3518379318220477,2.2458228168417835,2.98828125
7821,50.5421669923384,49.4578330076616,20.502722927273204,3.387666471616029,3.387666471616029,1.084333984676798,2473,3.0195360195360195,304.4157509157509,2439,2.978021978021978,298.21978021978026,2.349619238862062,2.2458228168417835,2.98828125
7854,50.54723219667813,49.45276780332187,20.734546647994605,3.4024849682139404,3.4024849682139404,1.0944643933562683,2466,3.010989010989011,303.14010989010984,2443,2.982905982905983,298.94871794871796,2.3501993241366357,2.245815718762574,2.98828125
7887,50.55145193941858,49.44854806058142,20.993413142588867,3.4133727186178078,3.4133727186178078,1.1029038788371475,2476,3.023199023199023,304.9624542124542,2436,2.9743589743589745,297.6730769230769,2.3501993241366357,2.2454877555139774,2.98828125
7920,50.554959156644244,49.445040843355756,21.201074608000887,3.420976402998434,3.420976402998434,1.1099183132884864,2474,3.0207570207570207,304.59798534798534,2439,2.978021978021978,298.21978021978026,2.3520805024963867,2.245871931892505,2.98828125
7953,50.5578866110943,49.4421133889057,21.42993685905954,3.4259303840655946,3.4259303840655946,1.1157732221885899,2473,3.0195360195360195,304.4157509157509,2442,2.9816849816849818,298.7664835164835,2.3500304474093916,2.245871931892505,2.98828125
7986,50.56037705265427,49.43962294734573,21.68883187788277,3.4289009808045137,3.4289009808045137,1.1207541053085404,2470,3.015873015873016,303.8690476190476,2447,2.987789987789988,299.6776556776557,2.350236092165058,2.2460219202246736,2.98828125
8019,50.56256894311259,49.43743105688741,21.89871013866299,3.4305240029291895,3.4305240029291895,1.1251378862251729,2472,3.0183150183150182,304.2335164835165,2438,2.976800976800977,298.03754578754575,2.350236092165058,2.245344916498329,2.98828125
8052,50.564577636228954,49.435422363771046,22.074187062876018,3.4313236978622967,3.4313236978622967,1.1291552724579144,2472,3.0183150183150182,304.2335164835165,2447,2.987789987789988,299.6776556776557,2.352205544728946,2.245808735201354,2.98828125
8085,50.566485414734615,49.433514585265385,22.24666090494009,3.4316715488661202,3.4316715488661202,1.1329708294692313,2469,3.0146520146520146,303.6868131868132,2436,2.9743589743589745,297.6730769230769,2.349883644842114,2.245808735201354,2.98828125
8118,50.56834314121915,49.43165685878085,22.420375791998197,3.431796165076804,3.431796165076804,1.1366862824383035,2475,3.021978021978022,304.78021978021974,2443,2.982905982905983,298.94871794871796,2.3503829277613675,2.24608512591459,2.98828125
8151,50.57017855833833,49.42982144166167,22.59745996266328,3.4318218245053345,3.4318218245053345,1.1403571166766553,2463,3.0073260073260073,302.59340659340654,2428,2.9645909645909647,296.21520146520146,2.3503829277613675,2.2459069659900996,2.98828125
8184,50.57200530697573,49.42799469302427,22.722762048234948,3.4318094405712714,3.4318094405712714,1.144010613951467,2465,3.0097680097680097,302.95787545787545,2430,2.967032967032967,296.57967032967036,2.351352780384623,2.2456939118083583,2.98828125
8217,50.573829558227175,49.426170441772825,22.764,3.431786450061452,3.431786450061452,1.1476591164543435,2465,3.0097680097680097,302.95787545787545,2435,2.9731379731379732,297.4908424908425,2.35004515293205,2.2456939118083583,2.98828125
8250,50.575653890492184,49.424346109507816,22.80978211733361,3.4317642219922675,3.4317642219922675,1.1513077809843613,2465,3.0097680097680097,302.95787545787545,2434,2.971916971916972,297.30860805860806,2.350206677673295,2.2460569578319167,2.98828125
8283,50.577479238583514,49.422520761416486,22.852,3.4317467958498185,3.4317467958498185,1.1549584771670278,2473,3.0195360195360195,304.4157509157509,2434,2.971916971916972,297.30860805860806,2.350206677673295,2.245798088195297,2.98828125
8316,50.57930579809803,49.42069420190197,22.809138992001518,3.4317349338123506,3.4317349338123506,1.1586115961960513,2474,3.0207570207570207,304.59798534798534,2444,2.984126984126984,299.1309523809524,2.3518379318220477,2.2456868143402597,2.98828125
8349,50.581133443508676,49.418866556491324,22.678329418667126,3.4317279921108934,3.4317279921108934,1.1622668870173516,2469,3.0146520146520146,303.6868131868132,2452,2.993894993894994,300.58882783882785,2.3499129307333324,2.2456868143402597,2.98828125
8382,50.58296193155521,49.41703806844479,22.50463524988312,3.4317248280275123,3.4317248280275123,1.1659238631104256,2467,3.012210012210012,303.3223443223443,2442,2.9816849816849818,298.7664835164835,2.3500672114748458,2.2465395525946508,2.98828125
8415,50.584791004032944,49.415208995967056,22.37180438666787,3.431724254486312,3.431724254486312,1.1695820080658939,2475,3.021978021978022,304.78021978021974,2451,2.9926739926739927,300.4065934065934,2.3500672114748458,2.2463193079280175,2.98828125
8448,50.58662043711985,49.41337956288015,22.283782152000136,3.4317252547171506,3.4317252547171506,1.1732408742396903,2471,3.017094017094017,304.051282051282,2450,2.9914529914529915,300.22435897435895,2.350845709236366,2.2455849350385284,2.98828125
8481,50.58845005967507,49.41154994032493,22.119487039530334,3.43172705854775,3.43172705854775,1.1769001193501323,2476,3.023199023199023,304.9624542124542,2447,2.987789987789988,299.6776556776557,2.3502655072090404,2.2455849350385284,2.98828125
8514,50.59027975375435,49.40972024624565,21.82289730133869,3.431729140227901,3.431729140227901,1.180559507508702,2472,3.0183150183150182,304.2335164835165,2443,2.982905982905983,298.94871794871796,2.3501846171668563,2.2457430226304824,2.98828125
8547,50.59210944623568,49.40789055376432,21.470968740825313,3.431731177748844,3.431731177748844,1.1842188924713601,2473,3.0195360195360195,304.4157509157509,2452,2.993894993894994,300.58882783882785,2.3501846171668563,2.2457710703262252,2.98828125
8580,50.59393909747399,49.40606090252601,21.05107054588889,3.431733000008961,3.431733000008961,1.187878194947987,2472,3.0183150183150182,304.2335164835165,2446,2.9865689865689866,299.4954212454212,2.3508751357258784,2.2458228168417835,2.98828125
8613,50.595768690464475,49.404231309535525,20.532443672093905,3.4317345371294152,3.4317345371294152,1.19153738092895,2476,3.023199023199023,304.9624542124542,2449,2.9902319902319903,300.04212454212455,2.3502874462888728,2.2458228168417835,2.98828125
8646,50.59759822210485,49.40240177789515,19.952552645523767,3.431735780759226,3.431735780759226,1.1951964442097036,2472,3.0183150183150182,304.2335164835165,2451,2.9926739926739927,300.4065934065934,2.3501700328914863,2.2458120552509864,2.98828125
8679,50.59942769689992,49.40057230310008,19.32921385800398,3.4317367556791964,3.4317367556791964,1.1988553937998467,2469,3.0146520146520146,303.6868131868132,2440,2.9792429792429793,298.40201465201466,2.3501700328914863,2.245365975240183,2.98828125
8712,50.601257122810935,49.398742877189065,18.82314039612979,3.4317375012132345,3.4317375012132345,1.2025142456218672,2468,3.0134310134310134,303.50457875457874,2441,2.9804639804639805,298.58424908424905,2.350845709236366,2.245871931892505,2.98828125
8745,50.60308650873771,49.39691349126229,18.352201793008366,3.4317380600514014,3.4317380600514014,1.2061730174754153,2469,3.0146520146520146,303.6868131868132,2440,2.9792429792429793,298.40201465201466,2.3502948002391237,2.245871931892505,2.98828125
8778,50.60491586313343,49.39508413686657,17.861676838821577,3.4317384721837243,3.4317384721837243,1.209831726266862,2480,3.028083028083028,305.69139194139194,2448,2.989010989010989,299.8598901098901,2.350081917342587,2.2459561982969287,2.98828125
8811,50.6067451933526,49.3932548066474,17.429495026793944,3.4317387721213493,3.4317387721213493,1.2134903867051965,2469,3.0146520146520146,303.6868131868132,2429,2.965811965811966,296.3974358974359,2.350081917342587,2.2458261369226418,2.98828125
8844,50.608574505441624,49.391425494558376,16.93198375467104,3.431738988086664,3.431738988086664,1.2171490108832437,2477,3.0244200244200243,305.14468864468864,2445,2.9853479853479854,299.3131868131868,2.3517644441183285,2.2459351312512115,2.98828125
8877,50.61040380417499,49.38959619582501,16.32266554073197,3.4317391422825665,3.4317391422825665,1.220807608349991,2466,3.010989010989011,303.14010989010984,2432,2.9694749694749696,296.9441391941392,2.3502655072090404,2.2459351312512115,2.98828125
8910,50.61223309320982,49.38776690679018,15.69042665533094,3.4317392516700806,3.4317392516700806,1.224466186419628,2466,3.010989010989011,303.14010989010984,2440,2.9792429792429793,298.40201465201466,2.350074564391462,2.246099095648084,2.98828125
8943,50.614062375281385,49.385937624718615,14.9881137845744,3.431739328910254,3.431739328910254,1.2281247505627766,2479,3.0268620268620268,305.5091575091575,2444,2.984126984126984,299.1309523809524,2.350074564391462,2.2456059971571256,2.98828125
8977,50.6158916523974,49.3841083476026,14.308446711621167,3.43173938328286,3.43173938328286,1.2317833047947988,2470,3.015873015873016,303.8690476190476,2436,2.9743589743589745,297.6730769230769,2.3512278061438745,2.2452957042893544,2.98828125
9009,50.61772092600958,49.38227907399042,13.741716240006381,3.431739421491244,3.431739421491244,1.2354418520191572,2473,3.0195360195360195,304.4157509157509,2436,2.9743589743589745,297.6730769230769,2.3502213848501494,2.2452957042893544,2.98828125
9042,50.61955019715563,49.38044980284437,13.237987774275513,3.4317394483237535,3.4317394483237535,1.239100394311268,2478,3.0256410256410255,305.32692307692304,2442,2.9816849816849818,298.7664835164835,2.3500304474093916,2.2460569578319167,2.98828125
9075,50.62137946657056,49.37862053342944,12.824659536947404,3.4317394671706154,3.4317394671706154,1.2427589331411253,2468,3.0134310134310134,303.50457875457874,2437,2.9755799755799757,297.85531135531136,2.3503756959699427,2.2454069490760236,2.98828125
9108,50.623208734771936,49.376791265228064,12.481977536910941,3.431739480418713,3.431739480418713,1.2464174695438692,2478,3.0256410256410255,305.32692307692304,2435,2.9731379731379732,297.4908424908425,2.3503756959699427,2.2457500058851942,2.98828125
9141,50.62503800212253,49.37496199787747,12.152452936000419,3.431739489741119,3.431739489741119,1.250076004245066,2475,3.021978021978022,304.78021978021974,2433,2.970695970695971,297.1263736263736,2.3502140312444655,2.2457500058851942,2.98828125
9174,50.62686726887624,49.37313273112376,11.869689891917364,3.4317394963088077,3.4317394963088077,1.2537345377524756,2476,3.023199023199023,304.9624542124542,2445,2.9853479853479854,299.3131868131868,2.349957044406227,2.2459480691300358,2.98828125
9207,50.62869653521051,49.37130346478949,11.507310813339984,3.4317395009404663,3.4317395009404663,1.257393070421016,2480,3.028083028083028,305.69139194139194,2447,2.987789987789988,299.6776556776557,2.349957044406227,2.2454877555139774,2.98828125
9240,50.63052580124954,49.36947419875046,11.029946715467103,3.4317395042092187,3.4317395042092187,1.2610516024990859,2478,3.0256410256410255,305.32692307692304,2444,2.984126984126984,299.1309523809524,2.3522129076835143,2.2456270595720462,2.98828125
9273,50.63235506708038,49.36764493291962,10.454249229416563,3.431739506516834,3.431739506516834,1.2647101341607698,2473,3.0195360195360195,304.4157509157509,2440,2.9792429792429793,298.40201465201466,2.3500083893842123,2.2456270595720462,2.98828125
9306,50.634184332764235,49.365815667235765,10.026303578728472,3.431739508145853,3.431739508145853,1.2683686655284678,2470,3.015873015873016,303.8690476190476,2431,2.9682539682539684,296.76190476190476,2.349883644842114,2.2456728484528914,2.98828125
9339,50.63601359834408,49.36398640165592,9.587212865369642,3.4317395092948004,3.4317395092948004,1.272027196688158,2478,3.0256410256410255,305.32692307692304,2441,2.9804639804639805,298.58424908424905,2.349883644842114,2.245394015872628,2.98828125
9372,50.637842863850366,49.362157136149634,9.16615679812301,3.431739510104279,3.431739510104279,1.2756857277007367,2467,3.012210012210012,303.3223443223443,2440,2.9792429792429793,298.40201465201466,2.351587915947695,2.2454316712624816,2.98828125
9405,50.63967212930466,49.36032787069534,8.822890624002401,3.4317395106738218,3.4317395106738218,1.2793442586093158,2477,3.0244200244200243,305.14468864468864,2434,2.971916971916972,297.30860805860806,2.3501846171668563,2.2454316712624816,2.98828125
9438,50.641501394722155,49.358498605277845,8.49807760227438,3.4317395110736584,3.4317395110736584,1.2830027894443115,2470,3.015873015873016,303.8690476190476,2444,2.984126984126984,299.1309523809524,2.3501919706344903,2.2457430226304824,2.98828125
9471,50.643330660113584,49.356669339886416,8.297418716241175,3.4317395113532996,3.4317395113532996,1.2866613202271622,2472,3.0183150183150182,304.2335164835165,2440,2.9792429792429793,298.40201465201466,2.3501919706344903,2.2456658655580615,2.98828125
9504,50.64515992548673,49.35484007451327,7.976242128000905,3.431739511548699,3.431739511548699,1.2903198509734606,2465,3.0097680097680097,302.95787545787545,2434,2.971916971916972,297.30860805860806,2.3528085624954107,2.2456798313802895,2.98828125
9537,50.64698919084691,49.35301080915309,7.778792389278407,3.4317395116843556,3.4317395116843556,1.2939783816938133,2471,3.017094017094017,304.051282051282,2438,2.976800976800977,298.03754578754575,2.349986454211597,2.2456798313802895,2.98828125
9570,50.6488184561981,49.3511815438019,7.428852803767637,3.4317395117786305,3.4317395117786305,1.2976369123961962,2472,3.0183150183150182,304.2335164835165,2435,2.9731379731379732,297.4908424908425,2.3501479729010004,2.2458789157485013,2.98828125
9603,50.6506477215429,49.3493522784571,7.085548795911806,3.431739511843517,3.431739511843517,1.301295443085801,2464,3.0085470085470085,302.77564102564105,2438,2.976800976800977,298.03754578754575,2.3501479729010004,2.245543956330823,2.98828125
9636,50.652476986883315,49.347523013116685,6.743425856000272,3.4317395118882246,3.4317395118882246,1.3049539737666325,2469,3.0146520146520146,303.6868131868132,2437,2.9755799755799757,297.85531135531136,2.352426080206873,2.2455228950850636,2.98828125
9669,50.654306252220636,49.345693747779364,6.472227641412162,3.431739511918721,3.431739511918721,1.308612504441278,2473,3.0195360195360195,304.4157509157509,2438,2.976800976800977,298.03754578754575,2.350133266413233,2.2455228950850636,2.98828125
9702,50.65613551755588,49.34386448244412,6.129972293005828,3.4317395119396394,3.4317395119396394,1.3122710351117566,2478,3.0256410256410255,305.32692307692304,2434,2.971916971916972,297.30860805860806,2.350074564391462,2.24584388230724,2.98828125
9735,50.65796478288964,49.34203521711036,5.784390488005597,3.4317395119537935,3.4317395119537935,1.3159295657792875,2466,3.010989010989011,303.14010989010984,2423,2.9584859584859586,295.3040293040293,2.350074564391462,2.2456587682229214,2.98828125
9769,50.65979404822241,49.34020595177759,5.503805428176583,3.4317395119633716,3.4317395119633716,1.3195880964448246,2478,3.0256410256410255,305.32692307692304,2431,2.9682539682539684,296.76190476190476,2.352551149998421,2.245963182545986,2.98828125
9801,50.66162331355445,49.33837668644555,5.085154431998116,3.4317395119696243,3.4317395119696243,1.3232466271089065,2466,3.010989010989011,303.14010989010984,2433,2.970695970695971,297.1263736263736,2.3499055785752816,2.245963182545986,2.98828125
9835,50.66345257888611,49.33654742111389,4.726909716278452,3.4317395119740866,3.4317395119740866,1.3269051577722144,2477,3.0244200244200243,305.14468864468864,2445,2.9853479853479854,299.3131868131868,2.3501993241366357,2.246049973145437,2.98828125
9867,50.66528184421737,49.33471815578263,4.3838130258872985,3.431739511976758,3.431739511976758,1.3305636884347327,2464,3.0085470085470085,302.77564102564105,2440,2.9792429792429793,298.40201465201466,2.3502802149381172,2.245808735201354,2.98828125
9900,50.66711110954844,49.33288889045156,4.041084386949373,3.4317395119786056,3.4317395119786056,1.334222219096893,2469,3.0146520146520146,303.6868131868132,2432,2.9694749694749696,296.9441391941392,2.3502802149381172,2.2457569891724787,2.98828125
9933,50.66894037487941,49.33105962512059,3.5150167682347218,3.431739511979913,3.431739511979913,1.3378807497588199,2470,3.015873015873016,303.8690476190476,2433,2.970695970695971,297.1263736263736,2.3498983489868452,2.2457569891724787,2.98828125
9966,50.67076964021025,49.32923035978975,3.08785028705637,3.4317395119806804,3.4317395119806804,1.341539280420508,2482,3.0305250305250304,306.0558608058608,2442,2.9816849816849818,298.7664835164835,2.3501700328914863,2.246155319417872,2.98828125
