ms,ca,cb,caper,cbper,q,qdes,dq,dqdes,pa,pb,Ta,Tb,pid_u
0,3.0000000308702743,2.9999999691297257,60.00000061740549,59.99999938259451,0.0,1.503327423930328e-10,0.0,6.173829403127507e-05,360.72619047619054,361.0906593406594,2.239928827612253,,6.174054904071399e-07
33,3.0002688208673503,2.9997311791326497,60.00537641734701,59.99462358265299,0.0,0.00711856039598146,0.0,0.4248385538274321,362.36630036630044,361.8195970695971,2.240666360189784,,0.005375799941520248
66,3.000918574958264,2.999081425041736,60.018371499165276,59.981628500834724,0.0,0.028249664462826816,0.0,0.8463197614021655,361.2728937728938,360.36172161172163,2.240666360189784,,0.012995081818269463
100,3.0020712274507897,2.9979287725492103,60.04142454901579,59.95857545098421,0.0,0.06355858153685104,0.0,1.2694480503451822,362.54853479853483,360.72619047619054,2.2402975483751777,,0.023053049850510224
133,3.0038528828118376,2.9961471171881624,60.07705765623675,59.92294234376325,0.0,0.11295505966265433,0.0,1.6923129563734582,361.2728937728938,360.5439560439561,2.2402321915990284,,0.03563310722096306
166,3.0063937292734497,2.9936062707265503,60.127874585468994,59.872125414531006,0.0,0.1762829296903555,0.0,2.114136209315335,360.5439560439561,360.36172161172163,2.240360626649624,,0.050816929232248
200,3.0098332846681797,2.9901667153318203,60.1966656933636,59.8033343066364,0.0,0.2538241807012315,0.0,2.536847327405311,361.0906593406594,362.36630036630044,2.240360626649624,,0.06879110789460346
233,3.0143236500543433,2.9856763499456567,60.28647300108687,59.71352699891313,0.0,0.34617180369085054,0.0,2.9626045141079036,362.184065934066,359.9972527472528,2.240585813864858,,0.08980730772327081
266,3.0199972197128067,2.9800027802871933,60.39994439425614,59.60005560574386,0.0,0.4511061145220015,0.0,3.3819500710701087,362.91300366300374,361.0906593406594,2.2402415444003614,,0.11347139316927168
300,3.02701882459699,2.97298117540301,60.5403764919398,59.4596235080602,0.0,0.570930541760042,0.0,3.8046917160216,362.54853479853483,361.0906593406594,2.2402765608962203,,0.1404320976836632
333,3.0355477636238577,2.9644522363761423,60.71095527247716,59.28904472752284,0.0,0.7046561986492963,0.0,4.226846466845597,362.7307692307692,359.8150183150184,2.2402765608962203,,0.1705787805373539
366,3.0457569212961872,2.9542430787038128,60.91513842592375,59.08486157407625,0.0,0.8529525885590991,0.0,4.650399685139902,366.7399267399268,362.7307692307692,2.240708460493011,,0.2041831534465932
400,3.0578146976705294,2.9421853023294706,61.1562939534106,58.8437060465894,0.0,1.0149221563341164,0.0,5.072758666754535,366.9221611721612,360.36172161172163,2.2405799955308345,,0.24115552748684724
433,3.0718961538561285,2.9281038461438715,61.43792307712257,58.56207692287743,0.0,1.190641598251841,0.0,5.494375799995515,367.1043956043956,359.08608058608064,2.2405239809646385,,0.28162912371197596
466,3.0881900222275864,2.9118099777724136,61.76380044455173,58.23619955544827,0.0,1.3807768350920695,0.0,5.916836668808406,369.10897435897436,360.36172161172163,2.2405239809646385,,0.3258773674291587
500,3.1068888283025866,2.8931111716974134,62.13777656605173,57.86222343394827,0.0,1.5851458286448505,0.0,6.339608599755866,372.38919413919416,358.9038461538462,2.241024764125996,,0.37397612149999837
533,3.1281908790985202,2.8718091209014798,62.563817581970405,57.436182418029595,0.0,1.8037363712615204,0.0,6.7626103695640705,373.8470695970696,353.9835164835164,2.2404026042651624,,0.42604101591867466
566,3.1482613468332574,2.8517386531667426,62.96522693666515,57.03477306333485,0.17578125,2.0359202692218283,5.279596148894237,7.1846930374431555,374.94047619047615,348.88095238095235,2.240509949131447,,0.40140935469474137
600,3.1638581925595575,2.8361418074404425,63.27716385119115,56.72283614880885,0.615234375,2.2829690523673456,13.156817915097045,7.608128636048722,377.67399267399264,345.4184981684981,2.240509949131447,,0.3119369145260034
633,3.1890021697874635,2.8109978302125365,63.780043395749274,56.219956604250726,0.615234375,2.5435383830886074,0.0,8.030581289992305,382.5943223443224,340.4981684981685,2.2408858880864053,,0.5028795445581289
666,3.217336225071275,2.782663774928725,64.3467245014255,55.6532754985745,0.615234375,2.818300275119563,0.0,8.453206266045873,383.68772893772893,337.9468864468864,2.2414007185189,,0.5666811056762261
700,3.249077135845434,2.7509228641545658,64.98154271690868,55.018457283091315,0.615234375,3.1063885258390544,0.0,8.874741694293466,385.32783882783883,336.3067765567765,2.2412618075316115,,0.634818215483186
733,3.282272531228287,2.7177274687717135,65.64545062456574,54.35454937543427,0.703125,3.4059372760940367,2.631931161944896,8.984329528358245,388.0613553113553,331.2042124542124,2.2412618075316115,,0.6639079076570561
766,3.31825643395149,2.68174356604851,66.36512867902981,53.63487132097019,0.791015625,3.7047840803617715,2.6422846962952007,8.984329528358245,392.6172161172161,328.65293040293034,2.240829862048905,,0.7196780544640665
800,3.3571446979710733,2.6428553020289267,67.14289395942146,52.85710604057854,0.87890625,4.005008802266245,2.6301576114195275,8.984329528358245,397.53754578754575,323.55036630036625,2.24047846354647,,0.7777652803916477
833,3.398995581973868,2.6010044180261316,67.97991163947736,52.02008836052263,0.966796875,4.303796714255719,2.6428055010511247,8.984329528358245,402.6401098901099,319.9056776556776,2.2405309398901587,,0.8370176800559135
866,3.4439300905431365,2.5560699094568635,68.87860181086273,51.12139818913727,1.0546875,4.604150046837786,2.629031383354484,8.984329528358245,407.92490842490844,312.9807692307692,2.240771442023579,,0.8986901713853703
900,3.4920099758135232,2.5079900241864768,69.84019951627047,50.15980048372953,1.142578125,4.9033550563230035,2.639121379725343,8.984329528358245,413.9386446886447,308.97161172161174,2.240771442023579,,0.961597705407734
933,3.5433410453317844,2.4566589546682156,70.8668209066357,49.13317909336431,1.23046875,5.203277141084713,2.6328115786496227,8.984329528358245,418.67673992673986,302.0467032967033,2.2406279118979944,,1.0266213903652155
966,3.5959784950857987,2.4040215049142013,71.91956990171597,48.080430098284026,1.40625,5.502402288867688,5.279651967117573,8.984329528358245,425.054945054945,295.3040293040293,2.2403115782130825,,1.052748995080277
1000,3.653314815382511,2.3466851846174888,73.06629630765022,46.93370369234977,1.494140625,5.801640243892235,2.638830817396093,8.984329528358245,431.0686813186813,290.2014652014652,2.2408928486980857,,1.146726405934252
1033,3.7121069702638123,2.2878930297361877,74.24213940527625,45.75786059472376,1.669921875,6.10107783970012,5.27414291664285,8.984329528358245,438.7225274725274,282.1831501831501,2.2408928486980857,,1.1758430976260217
1066,3.773706148164982,2.226293851835018,75.47412296329964,44.525877036700365,1.845703125,6.39973630547002,5.287901921131121,8.984329528358245,445.82967032967025,275.2582417582417,2.2406944269267655,,1.2319835580233833
1100,3.8382182519978807,2.1617817480021193,76.76436503995761,43.23563496004239,2.021484375,6.700460663907049,5.251575506270209,8.984329528358245,453.1190476190476,268.3333333333333,2.2407993966334625,,1.2902420766579785
1133,3.9056321916013674,2.0943678083986326,78.11264383202735,41.887356167972655,2.197265625,6.9992522235325065,5.28554647556438,8.984329528358245,460.9551282051281,260.1327838827838,2.2410492998544354,,1.3482787920697303
1166,3.9760394763553153,2.0239605236446847,79.5207895271063,40.4792104728937,2.373046875,7.299035392593407,5.268063179977577,8.984329528358245,467.6978021978021,252.84340659340654,2.2410492998544354,,1.4081456950789584
1200,4.049455928913777,1.950544071086223,80.98911857827554,39.010881421724456,2.548828125,7.59767571899771,5.2882231074469,8.984329528358245,478.63186813186815,244.8250915750916,2.2410388007957365,,1.4683290511692428
1233,4.125975900037792,1.874024099962208,82.51951800075584,37.48048199924416,2.724609375,7.897704618455284,5.263748518099131,8.984329528358245,485.1923076923077,236.07783882783878,2.2412618075316115,,1.5303994224803021
1266,4.20564452821887,1.7943554717811292,84.11289056437741,35.887109435622584,2.900390625,8.197962618315765,5.259732215762975,8.984329528358245,493.3928571428571,227.87728937728937,2.2412127294977924,,1.5933725636215792
1300,4.288492175224718,1.711507824775282,85.76984350449436,34.23015649550564,3.076171875,8.497410869540182,5.273955244183929,8.984329528358245,502.6868131868132,219.13003663003659,2.2412127294977924,,1.6569529401169534
1333,4.374562136439127,1.6254378635608737,87.49124272878252,32.508757271217476,3.251953125,8.796231888785208,5.285025393785162,8.984329528358245,513.985347985348,208.56043956043953,2.241439300854467,,1.7213992242881584
1366,4.463915048538995,1.5360849514610049,89.2783009707799,30.721699029220098,3.427734375,9.09521311659155,5.282193422289554,8.984329528358245,523.0970695970695,201.63553113553115,2.241181229097587,,1.7870582419973795
1400,4.558643826276173,1.4413561737238274,91.17287652552345,28.82712347447655,3.515625,9.395501735046023,2.6295979565175673,8.984329528358245,532.2087912087911,192.52380952380952,2.2414112201210306,,1.8945755547435552
1433,4.655374488812424,1.344625511187576,93.10748977624849,26.892510223751522,3.69140625,9.693721220265585,5.266677824346094,8.78025644813768,543.5073260073261,185.0521978021978,2.2414112201210306,,1.9346132507250278
1466,4.757253985826537,1.2427460141734628,95.14507971653074,24.854920283469255,3.779296875,9.97834884597163,2.6462609552971137,8.359204619634388,554.441391941392,175.94047619047623,2.2416448998597533,,2.0375899402822615
1500,4.86095757443557,1.1390424255644302,97.21915148871139,22.780848511288603,3.955078125,10.25022344805082,5.267914144686971,7.936185951022081,564.4642857142857,171.0201465201465,2.2414603046748462,,2.074071772180654
1533,4.969726749593442,1.0302732504065581,99.39453499186884,20.605465008131162,4.04296875,10.507528907704373,2.6387325779454294,7.513932849954801,573.5760073260072,163.73076923076925,2.241154294499485,,2.175383503157451
1566,5.0,1.0,100.0,20.0,4.130859375,10.750896214446945,2.6373234091142606,7.091454131541228,581.9587912087911,156.4413919413919,2.241154294499485,,2.249648635453516
1600,5.0,1.0,100.0,20.0,4.21875,10.980348985830204,2.635368492607774,6.668662018388897,589.2481684981685,149.88095238095235,2.2412232297787757,,2.3230501134334167
1633,5.0,1.0,100.0,20.0,4.306640625,11.19579874393509,2.6341383217746235,6.245672456787566,596.5375457875458,143.1382783882784,2.2408718528532847,,2.3954322795504517
1666,5.0,1.0,100.0,20.0,4.39453125,11.396826633293797,2.638326229396477,5.8233543213310615,600.0,135.66666666666666,2.240708460493011,,2.4664547173133524
1700,5.0,1.0,100.0,20.0,4.39453125,11.583836338405202,0.0,5.400917628066371,600.0,129.28846153846155,2.240708460493011,,2.5765562502748165
1733,5.0,1.0,100.0,20.0,4.39453125,11.75673321546807,0.0,4.978573199957227,600.0,123.45695970695971,2.2412198057659998,,2.659585457547001
1766,5.0,1.0,100.0,20.0,4.39453125,11.915998671417169,0.0,4.5550070635250135,600.0,119.4478021978022,2.240771442023579,,2.742065431590862
1800,5.0,1.0,100.0,20.0,4.39453125,12.060365468746705,0.0,4.133731506591454,599.0888278388278,118.90109890109892,2.240975693877915,,2.823193115897377
1833,5.0,1.0,100.0,20.0,4.39453125,12.191350752528173,0.0,3.710345678944356,599.8177655677656,119.4478021978022,2.240975693877915,,2.903705122974478
1866,5.0,1.0,100.0,20.0,4.39453125,12.308082166014342,0.0,3.287399308794003,597.8131868131868,118.90109890109892,2.241091296827046,,2.9829894901756075
1900,5.0,1.0,100.0,20.0,4.39453125,12.41043198347788,0.0,2.8656521194574687,597.0842490842491,120.90567765567766,2.2409278804656063,,3.0607927112509765
1933,5.0,1.0,100.0,20.0,4.39453125,12.499100423314474,0.0,2.4420923216614363,594.8974358974359,120.90567765567766,2.240771442023579,,3.1375527545738904
1966,5.0,1.0,100.0,20.0,4.39453125,12.573376950427896,0.0,2.020041587823035,594.8974358974359,121.6346153846154,2.240771442023579,,3.2125461179818764
2000,5.0,1.0,100.0,20.0,4.39453125,12.63379136524176,0.0,1.5964925783775727,595.808608058608,121.45238095238096,2.240941916225108,,3.286191451220685
2033,5.0,1.0,100.0,20.0,4.39453125,12.679879525976963,0.0,1.1748381232620728,597.9954212454213,122.36355311355311,2.2407574078656496,,3.3577821936327994
2066,5.0,1.0,100.0,20.0,4.39453125,12.712010924907448,0.0,0.752042485826135,598.3598901098901,122.36355311355311,2.2407013866463923,,3.4277223686530753
2100,5.0,1.0,100.0,20.0,4.39453125,12.730019373892977,0.0,0.3301091181337927,598.7243589743589,122.72802197802197,2.240920805579909,,3.4955611337047734
2133,5.0,1.0,100.0,20.0,4.39453125,12.734404005537531,0.0,0.023511935165812667,598.1776556776557,122.72802197802197,2.240920805579909,,3.5628211137382793
2166,5.0,1.0,100.0,20.0,4.39453125,12.7369454039552,0.0,0.12944833099397127,598.5421245421245,122.36355311355311,2.2408332851681183,,3.6335653002950337
2200,5.0,1.0,100.0,20.0,4.39453125,12.743044428000522,0.0,0.2358908537324134,598.1776556776557,122.91025641025641,2.240474927163529,,3.70523020928334
2233,5.0,1.0,100.0,20.0,4.39453125,12.752688346232366,0.0,0.3422491904199388,597.0842490842491,122.91025641025641,2.241042338513795,,3.7774513305433977
2266,5.0,1.0,100.0,20.0,4.39453125,12.76588158299319,0.0,0.4486146682727185,598.3598901098901,123.27472527472527,2.241042338513795,,3.8503196467327676
2300,5.0,1.0,100.0,20.0,4.39453125,12.782606674495904,0.0,0.5548828541227072,599.2710622710623,124.18589743589743,2.2410562612275116,,3.9237922758649195
2333,5.0,1.0,100.0,20.0,4.39453125,12.802876760541789,0.0,0.6611640279676181,597.9954212454213,124.00366300366301,2.2408718528532847,,3.997974266683564
2366,5.0,1.0,100.0,20.0,4.39453125,12.826655865346105,0.0,0.7673033349106567,599.2710622710623,123.27472527472527,2.240666360189784,,4.07278556925959
2400,5.0,1.0,100.0,20.0,4.39453125,12.853938682605499,0.0,0.8733331301708882,597.0842490842491,122.18131868131869,2.240666360189784,,4.148275769193606
2433,5.0,1.0,100.0,20.0,4.39453125,12.88489687875011,0.0,0.979847676662539,597.8131868131868,123.63919413919413,2.241147332669624,,4.224902280261501
2466,5.0,1.0,100.0,20.0,4.39453125,12.919340980241806,0.0,1.0861484504560606,598.5421245421245,123.45695970695971,2.2409629130546076,,4.3021943335181065
2500,5.0,1.0,100.0,20.0,4.39453125,12.957282986927753,0.0,1.1923247161185815,597.0842490842491,124.00366300366301,2.2405788546836845,,4.380242505765852
2533,5.0,1.0,100.0,20.0,4.482421875,12.998727241746089,2.6410525058797494,1.2984176819991444,598.1776556776557,123.27472527472527,2.2405788546836845,,4.41877871142976
2566,5.0,1.0,100.0,20.0,4.482421875,13.043876983943282,0.0,1.4049074926422151,599.0888278388278,120.72344322344324,2.2409629130546076,,4.52452141545787
2600,5.0,1.0,100.0,20.0,4.482421875,13.092395478462011,0.0,1.5109999835069832,598.3598901098901,122.18131868131869,2.2408192504291917,,4.604491838202042
2633,5.0,1.0,100.0,20.0,4.482421875,13.144489311876828,0.0,1.6171806773292112,596.9020146520146,121.99908424908426,2.2408053299240818,,4.685492758155243
2666,5.0,1.0,100.0,20.0,4.482421875,13.20023103263669,0.0,1.7235674670982244,597.4487179487179,121.45238095238096,2.2408053299240818,,4.767647952806377
2700,5.0,1.0,100.0,20.0,4.482421875,13.259368958977948,0.0,1.829685937140824,598.7243589743589,122.18131868131869,2.241024764125996,,4.850618587151805
2733,5.0,1.0,100.0,20.0,4.482421875,13.322408538448757,0.0,1.9364125443644307,597.8131868131868,122.18131868131869,2.2407993966334625,,4.935126717056166
2766,5.0,1.0,100.0,20.0,4.482421875,13.388534949318927,0.0,2.042380527098198,598.7243589743589,120.90567765567766,2.240878813399571,,5.02011389349322
2800,5.0,1.0,100.0,20.0,4.482421875,13.45835499519156,0.0,2.148602722568581,598.5421245421245,122.72802197802197,2.240878813399571,,5.106416787202127
2833,5.0,1.0,100.0,20.0,4.482421875,13.531864856471893,0.0,2.2550378076561204,597.9954212454213,122.18131868131869,2.2412758464284983,,5.1940386799721825
2866,5.0,1.0,100.0,20.0,4.482421875,13.608879787161406,0.0,2.3614075957116545,597.4487179487179,122.36355311355311,2.2408332851681183,,5.282781752311166
2900,5.0,1.0,100.0,20.0,4.482421875,13.689441374723266,0.0,2.4677742563204914,596.5375457875458,121.6346153846154,2.2408858880864053,,5.372726527653808
2933,5.0,1.0,100.0,20.0,4.482421875,13.773093877789387,0.0,2.5735736884237292,597.8131868131868,121.99908424908426,2.2408858880864053,,5.463413763045509
2966,5.0,1.0,100.0,20.0,4.482421875,13.86065869442246,0.0,2.679850434107483,597.2664835164835,123.27472527472527,2.241147332669624,,5.555770142159922
3000,5.0,1.0,100.0,20.0,4.482421875,13.952091297479498,0.0,2.7864989380237457,597.9954212454213,122.18131868131869,2.2408122901604224,,5.649748479509474
3033,5.0,1.0,100.0,20.0,4.482421875,14.046547425179627,0.0,2.892547740259841,597.9954212454213,121.81684981684982,2.240750447885014,,5.7445145269398425
3066,5.0,1.0,100.0,20.0,4.482421875,14.14456617413975,0.0,2.9986336797426656,597.4487179487179,122.18131868131869,2.240750447885014,,5.840658620613944
3100,5.0,1.0,100.0,20.0,4.482421875,14.246554201506717,0.0,3.1051704849927027,598.7243589743589,121.6346153846154,2.2410352630860544,,5.938596287225879
3133,5.0,1.0,100.0,20.0,4.482421875,14.35201419766108,0.0,3.2116196770700407,597.8131868131868,122.72802197802197,2.241024764125996,,6.0378671257579475
3166,5.0,1.0,100.0,20.0,4.482421875,14.460666374264623,0.0,3.3177208489149628,597.4487179487179,122.36355311355311,2.2407574078656496,,6.138247976619873
3200,5.0,1.0,100.0,20.0,4.482421875,14.57289347268356,0.0,3.4238627540945834,597.9954212454213,122.18131868131869,2.2411332949801954,,6.240131467983744
3233,5.0,1.0,100.0,20.0,4.482421875,14.688926539361228,0.0,3.5302503727473478,597.4487179487179,123.27472527472527,2.2411332949801954,,6.343750776609202
3266,5.0,1.0,100.0,20.0,4.482421875,14.808401379712857,0.0,3.636542880004766,597.0842490842491,121.6346153846154,2.240736413924315,,6.44880513440094
3300,5.0,1.0,100.0,20.0,4.482421875,14.9313275328313,0.0,3.7236397639577334,597.0842490842491,122.36355311355311,2.2406803934923563,,6.55518543313866
3333,5.0,1.0,100.0,20.0,4.482421875,15.055540659669408,0.0,3.7236397639577334,597.8131868131868,123.09249084249085,2.2407784021020296,,6.661991891906008
3366,5.0,1.0,100.0,20.0,4.482421875,15.179470789886167,0.0,3.7236397639577334,599.4532967032967,121.6346153846154,2.2407784021020296,,6.769586172169449
3400,5.0,1.0,100.0,20.0,4.482421875,15.303526559432768,0.0,3.7236397639577334,597.9954212454213,122.36355311355311,2.2409897300866293,,6.878322782683398
3433,5.0,1.0,100.0,20.0,4.482421875,15.427738100000177,0.0,3.7236397639577334,597.6309523809523,122.54578754578755,2.241850412972796,,6.988231777177828
3466,5.0,1.0,100.0,20.0,4.482421875,15.55213740510495,0.0,3.7236397639577334,597.4487179487179,122.54578754578755,2.241790811260533,,7.099345898308039
3500,5.0,1.0,100.0,20.0,4.482421875,15.676021473897272,0.0,3.7236397639577334,597.0842490842491,123.09249084249085,2.241790811260533,,7.211030201503162
3533,5.0,1.0,100.0,20.0,4.482421875,15.799951056738003,0.0,3.7236397639577334,598.1776556776557,122.72802197802197,2.241003766427217,,7.323786687784033
3566,5.0,1.0,100.0,20.0,4.482421875,15.924454556729401,0.0,3.7236397639577334,598.1776556776557,122.72802197802197,2.240771442023579,,7.438106072433198
3600,5.0,1.0,100.0,20.0,4.482421875,16.048585279420625,0.0,3.7236397639577334,597.8131868131868,122.54578754578755,2.2407982556187367,,7.553117673159302
3633,5.0,1.0,100.0,20.0,4.482421875,16.17245438290552,0.0,3.7236397639577334,596.5375457875458,122.54578754578755,2.2407982556187367,,7.668917019185973
3666,5.0,1.0,100.0,20.0,4.482421875,16.296748807971035,0.0,3.7236397639577334,597.6309523809523,121.99908424908426,2.241310773036932,,7.786151209556544
3700,5.0,1.0,100.0,20.0,4.482421875,16.420719764174212,0.0,3.7236397639577334,597.2664835164835,123.09249084249085,2.2406524411093343,,7.904112144649004
3733,5.0,1.0,100.0,20.0,4.482421875,16.544802768421892,0.0,3.7236397639577334,597.9954212454213,121.99908424908426,2.2409278804656063,,8.023213401569393
3766,5.0,1.0,100.0,20.0,4.482421875,16.668885430093255,0.0,3.7236397639577334,596.7197802197802,123.63919413919413,2.2409278804656063,,8.143348029750069
3800,5.0,1.0,100.0,20.0,4.482421875,16.792819146176136,0.0,3.7236397639577334,598.1776556776557,122.72802197802197,2.2412022292905998,,8.26436967137755
3833,5.0,1.0,100.0,20.0,4.482421875,16.917456905722013,0.0,3.7236397639577334,598.3598901098901,123.09249084249085,2.24064536752799,,8.387121783056166
3866,5.0,1.0,100.0,20.0,4.482421875,17.04132180521805,0.0,3.7236397639577334,597.6309523809523,123.45695970695971,2.2408122901604224,,8.510142802331869
3900,5.0,1.0,100.0,20.0,4.482421875,17.16543239418863,0.0,3.7236397639577334,596.5375457875458,123.27472527472527,2.2408122901604224,,8.63444200266726
3933,5.0,1.0,100.0,20.0,4.482421875,17.289498023932346,0.0,3.7236397639577334,597.8131868131868,123.82142857142857,2.240975693877915,,8.759729591776178
3966,5.0,1.0,100.0,20.0,4.482421875,17.413714390338345,0.0,3.7236397639577334,598.1776556776557,122.72802197802197,2.2408542804708818,,8.886205331198703
4000,5.0,1.0,100.0,20.0,4.482421875,17.5379250335079,0.0,3.7236397639577334,597.0842490842491,122.54578754578755,2.240771442023579,,9.013711076827654
4033,5.0,1.0,100.0,20.0,4.482421875,17.661761454606783,0.0,3.7236397639577334,598.1776556776557,121.99908424908426,2.240771442023579,,9.141862274317191
4066,5.0,1.0,100.0,20.0,4.482421875,17.786085117692394,0.0,3.7236397639577334,596.7197802197802,123.45695970695971,2.241014265239717,,9.27155540996679
4100,5.0,1.0,100.0,20.0,4.482421875,17.91042787932589,0.0,3.7236397639577334,596.7197802197802,123.82142857142857,2.24072238009546,,9.4023065072941
4133,5.0,1.0,100.0,20.0,4.482421875,18.03439435226679,0.0,3.7236397639577334,596.7197802197802,122.36355311355311,2.2408718528532847,,9.533693688001337
4166,5.0,1.0,100.0,20.0,4.482421875,18.158254284425727,0.0,3.7236397639577334,597.2664835164835,122.72802197802197,2.2408718528532847,,9.665997942742324
4200,5.0,1.0,100.0,20.0,4.482421875,18.282696206587325,0.0,3.7236397639577334,597.6309523809523,121.99908424908426,2.241024764125996,,9.799963560019027
4233,5.0,1.0,100.0,20.0,4.482421875,18.40668205362592,0.0,3.7236397639577334,597.2664835164835,122.72802197802197,2.2408122901604224,,9.934470285813568
4266,5.0,1.0,100.0,20.0,4.482421875,18.53058922387887,0.0,3.7236397639577334,597.2664835164835,122.72802197802197,2.241112295756051,,10.069922436870408
4300,5.0,1.0,100.0,20.0,4.482421875,18.654620514217463,0.0,3.7236397639577334,597.9954212454213,123.27472527472527,2.2409138448379706,,10.206543117169652
4333,5.0,1.0,100.0,20.0,4.482421875,18.778948519066844,0.0,3.7236397639577334,597.6309523809523,120.72344322344324,2.2409138448379706,,10.344528420917646
4366,5.0,1.0,100.0,20.0,4.482421875,18.902882789971258,0.0,3.7236397639577334,596.9020146520146,122.54578754578755,2.2408192504291917,,10.483107968618226
4400,5.0,1.0,100.0,20.0,4.482421875,19.027368360637155,0.0,3.7236397639577334,596.5375457875458,122.72802197802197,2.2408718528532847,,10.623344387052786
4433,5.0,1.0,100.0,20.0,4.482421875,19.15119540188676,0.0,3.7236397639577334,597.0842490842491,121.81684981684982,2.240829862048905,,10.763868399448151
4466,5.0,1.0,100.0,20.0,4.482421875,19.275441617878297,0.0,3.7088406089099717,598.1776556776557,123.63919413919413,2.240829862048905,,10.905790659458985
4500,5.0,1.0,100.0,20.0,4.482421875,19.397323754156407,0.0,3.602550932615053,597.9954212454213,122.91025641025641,2.2405869547173234,,11.047327054338476
4533,5.0,1.0,100.0,20.0,4.482421875,19.51546325262922,0.0,3.4964426196048763,597.6309523809523,122.54578754578755,2.240666360189784,,11.189074766239358
4566,5.0,1.0,100.0,20.0,4.482421875,19.630607797806093,0.0,3.3898295983543774,597.0842490842491,122.91025641025641,2.2405799955308345,,11.331925832468581
4600,5.0,1.0,100.0,20.0,4.482421875,19.741768202144122,0.0,3.2836232218414168,597.4487179487179,122.54578754578755,2.2405799955308345,,11.474626096354864
4633,5.0,1.0,100.0,20.0,4.482421875,19.84934405656873,0.0,3.177463368107614,597.4487179487179,121.6346153846154,2.2410317253847496,,11.617629031760021
4666,5.0,1.0,100.0,20.0,4.482421875,19.953238710722633,0.0,3.071455181249265,596.9020146520146,122.72802197802197,2.2408332851681183,,11.760762214681844
4700,5.0,1.0,100.0,20.0,4.482421875,20.05414336497277,0.0,2.964871795834861,597.6309523809523,122.54578754578755,2.2408508573035593,,11.904982349070716
4733,5.0,1.0,100.0,20.0,4.482421875,20.151271193438102,0.0,2.8585265077154527,597.4487179487179,123.63919413919413,2.2408508573035593,,12.04915758931419
4766,5.0,1.0,100.0,20.0,4.482421875,20.244440249042416,0.0,2.7526576469076014,595.9908424908424,123.27472527472527,2.2411332949801954,,12.192931875359122
4800,5.0,1.0,100.0,20.0,4.482421875,20.33447095137286,0.0,2.646334203101079,598.1776556776557,122.36355311355311,2.2406873531466007,,12.337543395010547
4833,5.0,1.0,100.0,20.0,4.482421875,20.421132848717317,0.0,2.5397883661909173,597.6309523809523,122.18131868131869,2.2406208384328057,,12.482647900855088
4866,5.0,1.0,100.0,20.0,4.482421875,20.503999630610426,0.0,2.433549462306168,596.7197802197802,123.27472527472527,2.2406208384328057,,12.627492947610794
4900,5.0,1.0,100.0,20.0,4.482421875,20.583490777795287,0.0,2.3270849167232437,596.9020146520146,123.27472527472527,2.241268769894881,,12.772776542061676
4933,5.0,1.0,100.0,20.0,4.482421875,20.659087346382258,0.0,2.221107251971398,597.6309523809523,122.91025641025641,2.2407294540414937,,12.917494325816213
4966,5.0,1.0,100.0,20.0,4.482421875,20.73148300435954,0.0,2.1146441250584345,597.4487179487179,122.72802197802197,2.240743373839565,,13.062947360531568
5000,5.0,1.0,100.0,20.0,4.482421875,20.80012378456945,0.0,2.008497791719107,597.4487179487179,122.72802197802197,2.240743373839565,,13.208008019362776
5033,5.0,1.0,100.0,20.0,4.482421875,20.86537565598467,0.0,1.9021079892709114,596.7197802197802,123.09249084249085,2.240899809342198,,13.353413845128932
5066,5.0,1.0,100.0,20.0,4.482421875,20.926999496425573,0.0,1.7958559794357372,597.6309523809523,122.72802197802197,2.2408192504291917,,13.498613276077684
5100,5.0,1.0,100.0,20.0,4.482421875,20.985090719317974,0.0,1.6895877330140043,598.9065934065934,122.18131868131869,2.2407574078656496,,13.643787687729667
5133,5.0,1.0,100.0,20.0,4.482421875,21.039463107335976,0.0,1.583674890276919,597.0842490842491,123.63919413919413,2.2407574078656496,,13.788399486401236
5166,5.0,1.0,100.0,20.0,4.482421875,21.09061602298359,0.0,1.4771164798144356,598.1776556776557,123.27472527472527,2.2411053341218845,,13.933787542342483
5200,5.0,1.0,100.0,20.0,4.482421875,21.1379555622276,0.0,1.3711434185644567,597.8131868131868,123.09249084249085,2.240743373839565,,14.078240495537223
5233,5.0,1.0,100.0,20.0,4.482421875,21.182067822918185,0.0,1.2644258430009738,597.8131868131868,122.18131868131869,2.240899809342198,,14.223543483951959
5266,5.0,1.0,100.0,20.0,4.482421875,21.22229448531842,0.0,1.1585706205445498,597.4487179487179,122.72802197802197,2.240899809342198,,14.367476873092205
5300,5.0,1.0,100.0,20.0,4.482421875,21.259250739935574,0.0,1.0519749548769357,598.1776556776557,122.54578754578755,2.241014265239717,,14.512193209256257
5333,5.0,1.0,100.0,20.0,4.482421875,21.29250997145455,0.0,0.9458272028676474,597.8131868131868,122.54578754578755,2.2408122901604224,,14.656047037528037
5366,5.0,1.0,100.0,20.0,4.482421875,21.322222641571603,0.0,0.8397260915944696,597.2664835164835,121.81684981684982,2.240843782782616,,14.799555083362435
5400,5.0,1.0,100.0,20.0,4.482421875,21.34841943646018,0.0,0.7335585069121028,597.8131868131868,122.18131868131869,2.2409488770978414,,14.942840966539102
5433,5.0,1.0,100.0,20.0,4.482421875,21.371178816729085,0.0,0.6268918185292044,597.4487179487179,120.5412087912088,2.2409488770978414,,15.086456739003545
5466,5.0,1.0,100.0,20.0,4.482421875,21.390231665005974,0.0,0.521067768532889,597.8131868131868,122.91025641025641,2.240906884128463,,15.228567085743132
5500,5.0,1.0,100.0,20.0,4.482421875,21.405886966542266,0.0,0.4143582777902766,597.2664835164835,122.36355311355311,2.2404434423167845,,15.371463943492207
5533,5.0,1.0,100.0,20.0,4.482421875,21.417928444431375,0.0,0.3080841303416544,599.4532967032967,122.54578754578755,2.2405309398901587,,15.513345683028913
5566,5.0,1.0,100.0,20.0,4.482421875,21.426429462360872,0.0,0.2017746181856707,597.4487179487179,121.99908424908426,2.2405309398901587,,15.654813836244559
5600,5.0,1.0,100.0,20.0,4.482421875,21.431376802992546,0.0,0.0957525570634402,598.1776556776557,124.00366300366301,2.2405380129296475,,15.795411001709057
5633,5.0,1.0,100.0,20.0,4.482421875,21.43277842478208,0.0,-0.02203165913933126,598.1776556776557,122.54578754578755,2.240488958667718,,15.935702207811199
5666,5.0,1.0,100.0,20.0,4.482421875,21.428353549709133,0.0,-0.2440817330186534,598.7243589743589,122.54578754578755,2.2405928871641927,,16.073704591940096
5700,5.0,1.0,100.0,20.0,4.482421875,21.416495363303323,0.0,-0.4668319121918455,597.2664835164835,123.45695970695971,2.2405928871641927,,16.21093028352338
5733,5.0,1.0,100.0,20.0,4.482421875,21.39721903570026,0.0,-0.6894572032392404,596.5375457875458,124.55036630036629,2.2410457621198927,,16.346804642652337
5766,5.0,1.0,100.0,20.0,4.482421875,21.370432646134244,0.0,-0.9127217647013965,598.1776556776557,121.99908424908426,2.240544971920541,,16.481727042543866
5800,5.0,1.0,100.0,20.0,4.482421875,21.336401849934507,0.0,-1.1346866457005835,599.0888278388278,122.72802197802197,2.2406873531466007,,16.61447115410723
5833,5.0,1.0,100.0,20.0,4.482421875,21.29480616851027,0.0,-1.3575674018700983,597.0842490842491,123.45695970695971,2.2406873531466007,,16.74630221096602
5866,5.0,1.0,100.0,20.0,4.482421875,21.245995646658432,0.0,-1.5794976622061583,598.3598901098901,122.54578754578755,2.241091296827046,,16.876056641228043
5900,5.0,1.0,100.0,20.0,4.482421875,21.18942951096718,0.0,-1.8028328271198657,597.6309523809523,123.09249084249085,2.2406418307498788,,17.005042467318724
5933,5.0,1.0,100.0,20.0,4.482421875,21.125743269360125,0.0,-2.0250142191497345,597.4487179487179,122.91025641025641,2.2404819999377827,,17.131720295676406
5966,5.0,1.0,100.0,20.0,4.482421875,21.054554312327834,0.0,-2.2475211789714233,598.5421245421245,122.36355311355311,2.2404819999377827,,17.256879263999835
6000,5.0,1.0,100.0,20.0,4.482421875,20.975680806436888,0.0,-2.4707571758795845,596.9020146520146,122.54578754578755,2.2407574078656496,,17.38067136882117
6033,5.0,1.0,100.0,20.0,4.482421875,20.889739757919116,0.0,-2.693011641882168,596.5375457875458,122.36355311355311,2.2408473200389,,17.502091868160292
6066,5.0,1.0,100.0,20.0,4.482421875,20.796407239197453,0.0,-2.915251151223634,598.7243589743589,122.54578754578755,2.240666360189784,,17.621617990135974
6100,5.0,1.0,100.0,20.0,4.482421875,20.69565557745756,0.0,-3.137537774051264,597.0842490842491,122.91025641025641,2.240666360189784,,17.739221016805427
6133,5.0,1.0,100.0,20.0,4.482421875,20.587083935768682,0.0,-3.3606586514060703,597.6309523809523,123.63919413919413,2.241010727588134,,17.855242130828934
6166,5.0,1.0,100.0,20.0,4.482421875,20.471109197409902,0.0,-3.5836813489619734,597.8131868131868,122.54578754578755,2.2406279118979944,,17.969126136771568
6200,5.0,1.0,100.0,20.0,4.482421875,20.348174470658943,0.0,-3.8058458012343537,597.8131868131868,122.36355311355311,2.2417698027944257,,18.080438354134216
6233,5.0,1.0,100.0,20.0,4.482421875,20.217542331947794,0.0,-4.028516476404009,597.2664835164835,122.18131868131869,2.2417698027944257,,18.18980251631831
6266,5.0,1.0,100.0,20.0,4.482421875,20.07939928076362,0.0,-4.251320933568365,597.6309523809523,122.54578754578755,2.24163782157821,,18.296965112978597
6300,5.0,1.0,100.0,20.0,4.482421875,19.934635740981292,0.0,-4.472910175349682,597.0842490842491,122.54578754578755,2.2406734338705374,,18.401236083434693
6333,5.0,1.0,100.0,20.0,4.482421875,19.78127388968561,0.0,-4.696269204150467,597.8131868131868,122.18131868131869,2.2406734338705374,,18.503940977315867
6366,5.0,1.0,100.0,20.0,4.482421875,19.62155672355558,0.0,-4.918112782620933,597.4487179487179,122.54578754578755,2.2406734338705374,,18.603513024001025
6400,5.0,1.0,100.0,20.0,4.482421875,19.453521113122832,0.0,-5.1411874211900805,598.9065934065934,121.99908424908426,2.2409488770978414,,18.701119322118895
6433,5.0,1.0,100.0,20.0,4.482421875,19.278717387135224,0.0,-5.363409863913898,597.0842490842491,122.36355311355311,2.240488958667718,,18.795786807380523
6466,5.0,1.0,100.0,20.0,4.482421875,19.096114576213342,0.0,-5.586114291726222,597.4487179487179,122.91025641025641,2.240552045026476,,18.888024014199626
6500,5.0,1.0,100.0,20.0,4.482421875,18.905886275876856,0.0,-5.809045740292859,597.8131868131868,122.91025641025641,2.2408332851681183,,18.977651529042124
6533,5.0,1.0,100.0,20.0,4.482421875,18.709069852134007,0.0,-6.031030659215745,597.9954212454213,121.99908424908426,2.2408332851681183,,19.064153300291814
6566,5.0,1.0,100.0,20.0,4.482421875,18.50426575573147,0.0,-6.253664356710286,597.6309523809523,122.36355311355311,2.2406009872739263,,19.148088821810344
6600,5.0,1.0,100.0,20.0,4.482421875,18.291568356161175,0.0,-6.476782643357742,596.7197802197802,122.36355311355311,2.24064536752799,,19.22931306101712
6633,5.0,1.0,100.0,20.0,4.482421875,18.07247992144385,0.0,-6.698839888419073,597.4487179487179,122.36355311355311,2.2406418307498788,,19.30721912337813
6666,5.0,1.0,100.0,20.0,4.482421875,17.845479200473093,0.0,-6.823392574927498,599.6355311355311,122.36355311355311,2.2406418307498788,,19.383632851383318
6700,5.0,1.0,100.0,20.0,4.482421875,17.617335876383486,0.0,-6.823392574927498,598.5421245421245,121.81684981684982,2.2410388007957365,,19.459204351963486
6733,5.0,1.0,100.0,20.0,4.482421875,17.391327885237505,0.0,-6.823392574927498,598.3598901098901,122.72802197802197,2.2408928486980857,,19.532197043802388
6766,5.0,1.0,100.0,20.0,4.482421875,17.16345281600276,0.0,-6.823392574927498,597.4487179487179,122.91025641025641,2.2409138448379706,,19.603890198963306
6800,5.0,1.0,100.0,20.0,4.482421875,16.93638038243489,0.0,-6.823392574927498,597.8131868131868,122.36355311355311,2.2409138448379706,,19.67344167320008
6833,5.0,1.0,100.0,20.0,4.482421875,16.708400437657623,0.0,-6.823392574927498,597.8131868131868,121.81684981684982,2.2409138448379706,,19.74136682552532
6866,5.0,1.0,100.0,20.0,4.482421875,16.480795397359657,0.0,-6.823392574927498,598.1776556776557,121.99908424908426,2.240736413924315,,19.807282246048175
6900,5.0,1.0,100.0,20.0,4.482421875,16.253676209906942,0.0,-6.823392574927498,597.4487179487179,122.54578754578755,2.240878813399571,,19.871167024562798
6933,5.0,1.0,100.0,20.0,4.482421875,16.026309230954503,0.0,-6.823392574927498,596.3553113553114,122.54578754578755,2.240878813399571,,19.933227439572995
6966,5.0,1.0,100.0,20.0,4.482421875,15.799315389222755,0.0,-6.823392574927498,598.1776556776557,121.45238095238096,2.2409908712476065,,19.99329815442352
7000,5.0,1.0,100.0,20.0,4.482421875,15.57140696042387,0.0,-6.823392574927498,597.2664835164835,122.54578754578755,2.2407013866463923,,20.051707807018964
7033,5.0,1.0,100.0,20.0,4.482421875,15.343482994756842,0.0,-6.823392574927498,597.6309523809523,122.91025641025641,2.240826324833959,,20.108218087200047
7066,5.0,1.0,100.0,20.0,4.482421875,15.116034387556562,0.0,-6.823392574927498,597.8131868131868,123.63919413919413,2.240826324833959,,20.16271508618649
7100,5.0,1.0,100.0,20.0,4.482421875,14.888761673771688,0.0,-6.823392574927498,597.2664835164835,122.72802197802197,2.241175408444159,,20.215277448026548
7133,5.0,1.0,100.0,20.0,4.482421875,14.661513851723434,0.0,-6.823392574927498,597.4487179487179,122.54578754578755,2.2409278804656063,,20.265941974725514
7166,5.0,1.0,100.0,20.0,4.482421875,14.434582812499913,0.0,-6.823392574927498,597.0842490842491,122.72802197802197,2.2407784021020296,,20.314649068324247
7200,5.0,1.0,100.0,20.0,4.482421875,14.206285832431956,0.0,-6.823392574927498,596.9020146520146,122.72802197802197,2.2407784021020296,,20.361739749783485
7233,5.0,1.0,100.0,20.0,4.482421875,13.978895476535538,0.0,-6.823392574927498,596.7197802197802,122.18131868131869,2.241070298193177,,20.406748969863678
7266,5.0,1.0,100.0,20.0,4.482421875,13.75176277194235,0.0,-6.823392574927498,599.0888278388278,122.18131868131869,2.240488958667718,,20.44981702907265
7300,5.0,1.0,100.0,20.0,4.482421875,13.524401599694535,0.0,-6.823392574927498,597.2664835164835,122.54578754578755,2.2407574078656496,,20.491034443158412
7333,5.0,1.0,100.0,20.0,4.482421875,13.297474982029186,0.0,-6.823392574927498,599.0888278388278,122.18131868131869,2.2407574078656496,,20.530286345182795
7366,5.0,1.0,100.0,20.0,4.482421875,13.069052403774307,0.0,-6.823392574927498,597.6309523809523,121.6346153846154,2.241254731064484,,20.56788531512296
7400,5.0,1.0,100.0,20.0,4.482421875,12.841837688824231,0.0,-6.823392574927498,597.9954212454213,122.72802197802197,2.2408578177520213,,20.60339394046227
7433,5.0,1.0,100.0,20.0,4.482421875,12.614807710409014,0.0,-6.823392574927498,597.4487179487179,122.18131868131869,2.2406279118979944,,20.636985243073354
7466,5.0,1.0,100.0,20.0,4.482421875,12.387742223055799,0.0,-6.823392574927498,598.1776556776557,122.54578754578755,2.2406279118979944,,20.668692756299166
7500,5.0,1.0,100.0,20.0,4.482421875,12.1595681868752,0.0,-6.823392574927498,597.9954212454213,122.36355311355311,2.240975693877915,,20.698647534541525
7533,5.0,1.0,100.0,20.0,4.482421875,11.93204945566942,0.0,-6.823392574927498,598.5421245421245,122.18131868131869,2.2406944269267655,,20.726619691867448
7566,5.0,1.0,100.0,20.0,4.482421875,11.704918259048657,0.0,-6.823392574927498,597.2664835164835,122.18131868131869,2.240829862048905,,20.752654067222576
7600,5.0,1.0,100.0,20.0,4.482421875,11.477409380823055,0.0,-6.823392574927498,597.8131868131868,122.36355311355311,2.241147332669624,,20.7768353054833
7633,5.0,1.0,100.0,20.0,4.482421875,11.24998314070292,0.0,-6.823392574927498,596.9020146520146,121.99908424908426,2.241147332669624,,20.799112709863053
7666,5.0,1.0,100.0,20.0,4.482421875,11.022969709013468,0.0,-6.823392574927498,597.8131868131868,122.54578754578755,2.2409629130546076,,20.819461500596933
7700,5.0,1.0,100.0,20.0,4.482421875,10.797170393867,0.0,-6.648656053326477,599.0888278388278,122.36355311355311,2.240906884128463,,20.840109781114585
7733,5.0,1.0,100.0,20.0,4.482421875,10.57948741969566,0.0,-6.426325047943323,597.4487179487179,121.99908424908426,2.2408053299240818,,20.860435110812382
7766,5.0,1.0,100.0,20.0,4.482421875,10.36920179109273,0.0,-6.203987852907795,598.3598901098901,122.91025641025641,2.2408053299240818,,20.8801209649761
7800,5.0,1.0,100.0,20.0,4.482421875,10.165391495286539,0.0,-5.980614481736919,597.9954212454213,124.36813186813187,2.24072238009546,,20.899312309867362
7833,5.0,1.0,100.0,20.0,4.482421875,9.970065330038885,0.0,-5.758414046670042,598.1776556776557,122.72802197802197,2.2408858880864053,,20.917889948908496
7866,5.0,1.0,100.0,20.0,4.482421875,9.782079231033682,0.0,-5.536148076057138,597.9954212454213,122.72802197802197,2.24072238009546,,20.93601830316453
7900,5.0,1.0,100.0,20.0,4.482421875,9.600695289586689,0.0,-5.312881044076855,597.4487179487179,121.6346153846154,2.24072238009546,,20.95382935855424
7933,5.0,1.0,100.0,20.0,4.482421875,9.427549759295623,0.0,-5.0906278133333345,597.6309523809523,121.99908424908426,2.240906884128463,,20.971230926935515
7966,5.0,1.0,100.0,20.0,4.482421875,9.26172136713327,0.0,-4.8682637897847245,596.9020146520146,122.72802197802197,2.2406009872739263,,20.988371059266893
8000,5.0,1.0,100.0,20.0,4.482421875,9.103492800330887,0.0,-4.646179335617685,597.4487179487179,122.72802197802197,2.2407154202780224,,21.005282643772333
8033,5.0,1.0,100.0,20.0,4.482421875,8.951756084502946,0.0,-4.422744141351949,597.4487179487179,121.99908424908426,2.2407154202780224,,21.022145826590794
8066,5.0,1.0,100.0,20.0,4.482421875,8.808199344582299,0.0,-4.200426857370848,597.9954212454213,122.54578754578755,2.240941916225108,,21.03884280589263
8100,5.0,1.0,100.0,20.0,4.482421875,8.672000145650571,0.0,-3.978034643186897,599.4532967032967,121.99908424908426,2.2405799955308345,,21.055522211675697
8133,5.0,1.0,100.0,20.0,4.482421875,8.54330819913791,0.0,-3.7558203531807948,596.7197802197802,122.72802197802197,2.2406558638220098,,21.07222729417486
8166,5.0,1.0,100.0,20.0,4.482421875,8.421840800190335,0.0,-3.5332833464966638,597.9954212454213,122.18131868131869,2.2406558638220098,,21.08905627250834
8200,5.0,1.0,100.0,20.0,4.482421875,8.307847731646802,0.0,-3.3108623207062964,597.8131868131868,122.72802197802197,2.241077259664093,,21.106038824556368
8233,5.0,1.0,100.0,20.0,4.482421875,8.200858829104385,0.0,-3.0875657359653736,597.8131868131868,123.27472527472527,2.24072238009546,,21.12331167586112
8266,5.0,1.0,100.0,20.0,4.482421875,8.101660480454196,0.0,-2.865022052201037,597.2664835164835,122.18131868131869,2.2409897300866293,,21.140814201913578
8300,5.0,1.0,100.0,20.0,4.482421875,8.00982454220535,0.0,-2.6423397522318384,599.2710622710623,123.27472527472527,2.2409897300866293,,21.158675571731123
8333,5.0,1.0,100.0,20.0,4.482421875,7.925448991941937,0.0,-2.4197509380746713,596.3553113553114,122.91025641025641,2.2410633367546957,,21.17693952707202
8366,5.0,1.0,100.0,20.0,4.482421875,7.848736460803195,0.0,-2.1978996876373085,597.4487179487179,122.91025641025641,2.240899809342198,,21.19561327023159
8400,5.0,1.0,100.0,20.0,4.482421875,7.779033716922709,0.0,-1.9748269052982994,598.9065934065934,121.99908424908426,2.240836822399546,,21.21492248855985
8433,5.0,1.0,100.0,20.0,4.482421875,7.717072746129252,0.0,-1.7528560883731308,598.7243589743589,123.09249084249085,2.240836822399546,,21.234730984623113
8466,5.0,1.0,100.0,20.0,4.482421875,7.662231345645209,0.0,-1.5297527650638025,597.4487179487179,122.18131868131869,2.241112295756051,,21.255297791319965
8500,5.0,1.0,100.0,20.0,4.482421875,7.614880475741486,0.0,-1.3068329412936732,597.6309523809523,122.72802197802197,2.240666360189784,,21.276569283822674
8533,5.0,1.0,100.0,20.0,4.482421875,7.575058639551629,0.0,-1.0844469034111128,597.0842490842491,122.18131868131869,2.2406068056897155,,21.298570613694285
8566,5.0,1.0,100.0,20.0,4.482421875,7.542603105019182,0.0,-0.8617474233120529,597.4487179487179,121.6346153846154,2.2406068056897155,,21.321445696748725
8600,5.0,1.0,100.0,20.0,4.482421875,7.517641959322029,0.0,-0.6397448234804911,597.6309523809523,121.6346153846154,2.2409558380030066,,21.345150642454392
8633,5.0,1.0,100.0,20.0,4.482421875,7.500039461513097,0.0,-0.4173809201211042,597.0842490842491,122.36355311355311,2.2408858880864053,,21.36985750600827
8666,5.0,1.0,100.0,20.0,4.482421875,7.489811059068521,0.0,-0.19394609977098407,598.3598901098901,122.36355311355311,2.2406524411093343,,21.395716621567715
8700,5.0,1.0,100.0,20.0,4.482421875,7.486994327496642,0.0,0.0,597.4487179487179,123.27472527472527,2.2409488770978414,,21.422245571873166
8733,5.0,1.0,100.0,20.0,4.482421875,7.486994327496642,0.0,0.0,597.8131868131868,122.91025641025641,2.2409488770978414,,21.44723378521935
8766,5.0,1.0,100.0,20.0,4.482421875,7.486994327496642,0.0,0.0,598.7243589743589,121.99908424908426,2.2408647782329147,,21.472353447858946
8800,5.0,1.0,100.0,20.0,4.482421875,7.486994327496642,0.0,0.0,598.7243589743589,122.36355311355311,2.2408858880864053,,21.49738245879214
8833,5.0,1.0,100.0,20.0,4.482421875,7.486994327496642,0.0,0.0,597.9954212454213,121.99908424908426,2.2408858880864053,,21.52233029068429
8866,5.0,1.0,100.0,20.0,4.482421875,7.486994327496642,0.0,0.0,596.7197802197802,121.0879120879121,2.2408858880864053,,21.547407291399576
8900,5.0,1.0,100.0,20.0,4.482421875,7.486994327496642,0.0,0.0,597.6309523809523,121.99908424908426,2.2408647782329147,,21.572463927874086
8933,5.0,1.0,100.0,20.0,4.482421875,7.486994327496642,0.0,0.0,597.6309523809523,122.72802197802197,2.240920805579909,,21.597500491550996
8966,5.0,1.0,100.0,20.0,4.482421875,7.486994327496642,0.0,0.0,597.8131868131868,122.36355311355311,2.2415958092423183,,21.6225434962803
9000,5.0,1.0,100.0,20.0,4.482421875,7.486994327496642,0.0,0.0,597.2664835164835,122.36355311355311,2.2415958092423183,,21.647596334975084
9033,5.0,1.0,100.0,20.0,4.5703125,7.486994327496642,2.637113789643672,0.0,597.6309523809523,121.81684981684982,2.2412162676277063,,21.632343644233323
9066,5.0,1.0,100.0,20.0,4.5703125,7.486994327496642,0.0,0.0,597.2664835164835,121.81684981684982,2.2406873531466007,,21.68301425635438
9100,5.0,1.0,100.0,20.0,4.5703125,7.486994327496642,0.0,0.0,599.4532967032967,123.09249084249085,2.240764481977557,,21.707338765917648
9133,5.0,1.0,100.0,20.0,4.5703125,7.486994327496642,0.0,0.0,596.9020146520146,123.09249084249085,2.240764481977557,,21.731610194788306
9166,5.0,1.0,100.0,20.0,4.5703125,7.486994327496642,0.0,0.0,597.0842490842491,121.45238095238096,2.2409897300866293,,21.755875520502126
9200,5.0,1.0,100.0,20.0,4.5703125,7.486994327496642,0.0,0.0,599.6355311355311,122.18131868131869,2.2409138448379706,,21.780279589853475
9233,5.0,1.0,100.0,20.0,4.5703125,7.486994327496642,0.0,0.0,597.6309523809523,122.72802197802197,2.240920805579909,,21.80457509447433
9266,5.0,1.0,100.0,20.0,4.5703125,7.486994327496642,0.0,0.0,598.5421245421245,123.09249084249085,2.240920805579909,,21.828801544465197
9300,5.0,1.0,100.0,20.0,4.5703125,7.486994327496642,0.0,0.0,598.5421245421245,122.36355311355311,2.241084335290724,,21.853193042918175
9333,5.0,1.0,100.0,20.0,4.5703125,7.486994327496642,0.0,0.0,598.9065934065934,122.36355311355311,2.240771442023579,,21.877412066307894
9366,5.0,1.0,100.0,20.0,4.5703125,7.486994327496642,0.0,0.0,597.8131868131868,122.54578754578755,2.2408578177520213,,21.901691475220197
9400,5.0,1.0,100.0,20.0,4.5703125,7.486994327496642,0.0,0.0,596.9020146520146,122.91025641025641,2.2408578177520213,,21.926012379764387
9433,5.0,1.0,100.0,20.0,4.5703125,7.486994327496642,0.0,0.0,596.9020146520146,122.91025641025641,2.241154294499485,,21.950403526757274
9466,5.0,1.0,100.0,20.0,4.5703125,7.486994327496642,0.0,0.0,598.7243589743589,121.99908424908426,2.2408064709442104,,21.9746868520438
9500,5.0,1.0,100.0,20.0,4.5703125,7.486994327496642,0.0,0.0,598.1776556776557,122.72802197802197,2.240666360189784,,21.998930761292144
9533,5.0,1.0,100.0,20.0,4.5703125,7.486994327496642,0.0,0.0,599.0888278388278,122.72802197802197,2.240666360189784,,22.02322326902228
9566,5.0,1.0,100.0,20.0,4.5703125,7.486994327496642,0.0,0.0,598.3598901098901,121.99908424908426,2.2408718528532847,,22.047571624646825
9600,5.0,1.0,100.0,20.0,4.5703125,7.486994327496642,0.0,0.0,597.6309523809523,122.54578754578755,2.2406734338705374,,22.071846429576475
9633,5.0,1.0,100.0,20.0,4.5703125,7.486994327496642,0.0,0.0,598.1776556776557,122.54578754578755,2.2406594006333465,,22.09614019220896
9666,5.0,1.0,100.0,20.0,4.5703125,7.486994327496642,0.0,0.0,598.1776556776557,122.91025641025641,2.2406594006333465,,22.12050209217475
9700,5.0,1.0,100.0,20.0,4.5703125,7.486994327496642,0.0,0.0,597.2664835164835,123.63919413919413,2.241024764125996,,22.14478110952235
9733,5.0,1.0,100.0,20.0,4.5703125,7.486994327496642,0.0,0.0,597.4487179487179,122.54578754578755,2.2408578177520213,,22.169060113744685
9766,5.0,1.0,100.0,20.0,4.5703125,7.486994327496642,0.0,0.0,596.9020146520146,122.18131868131869,2.240638408069358,,22.193420960059033
9800,5.0,1.0,100.0,20.0,4.5703125,7.486994327496642,0.0,0.0,597.8131868131868,121.99908424908426,2.2408064709442104,,22.21776951839314
9833,5.0,1.0,100.0,20.0,4.5703125,7.486994327496642,0.0,0.0,598.1776556776557,120.72344322344324,2.2408064709442104,,22.241981736434997
9866,5.0,1.0,100.0,20.0,4.5703125,7.486994327496642,0.0,0.0,598.1776556776557,121.81684981684982,2.2405659631714343,,22.266358827209086
9900,5.0,1.0,100.0,20.0,4.5703125,7.486994327496642,0.0,0.0,598.5421245421245,122.36355311355311,2.24042245278766,,22.290580010401737
9933,5.0,1.0,100.0,20.0,4.5703125,7.486994327496642,0.0,0.0,598.1776556776557,121.99908424908426,2.2405239809646385,,22.314942274952546
9966,5.0,1.0,100.0,20.0,4.5703125,7.486994327496642,0.0,0.0,596.9020146520146,122.36355311355311,2.2405239809646385,,22.339293358404102
10000,5.0,1.0,100.0,20.0,4.5703125,7.486994327496642,0.0,0.0,597.9954212454213,121.27014652014653,2.2403675848141056,,22.363594318677983
10033,5.0,1.0,100.0,20.0,4.5703125,7.486994327496642,0.0,0.0,597.6309523809523,121.99908424908426,2.2406279118979944,,22.387852190082135
10066,5.0,1.0,100.0,20.0,4.5703125,7.486994327496642,0.0,0.0,598.1776556776557,123.09249084249085,2.2404960315084153,,22.412211186491366
10100,5.0,1.0,100.0,20.0,4.5703125,7.486994327496642,0.0,0.0,598.3598901098901,122.91025641025641,2.2404960315084153,,22.43645731095934
10133,5.0,1.0,100.0,20.0,4.5703125,7.486994327496642,0.0,0.0,597.4487179487179,123.09249084249085,2.2406944269267655,,22.460812121200817
10166,5.0,1.0,100.0,20.0,4.5703125,7.486994327496642,0.0,0.0,598.1776556776557,122.91025641025641,2.2406524411093343,,22.485059946823714
10200,5.0,1.0,100.0,20.0,4.5703125,7.486994327496642,0.0,0.0,597.4487179487179,120.90567765567766,2.240488958667718,,22.509420036988338
10233,5.0,1.0,100.0,20.0,4.5703125,7.486994327496642,0.0,0.0,597.4487179487179,122.54578754578755,2.240488958667718,,22.53364660875071
10266,5.0,1.0,100.0,20.0,4.5703125,7.486994327496642,0.0,0.0,599.0888278388278,123.27472527472527,2.2408578177520213,,22.557986903395886
10300,5.0,1.0,100.0,20.0,4.5703125,7.486994327496642,0.0,0.0,597.9954212454213,121.45238095238096,2.240634871307725,,22.58234045800585
10333,5.0,1.0,100.0,20.0,4.5703125,7.486994327496642,0.0,0.0,598.1776556776557,122.91025641025641,2.2405799955308345,,22.606565206842124
10366,5.0,1.0,100.0,20.0,4.5703125,7.486994327496642,0.0,0.0,596.5375457875458,123.09249084249085,2.2405799955308345,,22.630914210699313
10400,5.0,1.0,100.0,20.0,4.5703125,7.486994327496642,0.0,0.0,598.5421245421245,121.99908424908426,2.2408122901604224,,22.655267508641337
10433,5.0,1.0,100.0,20.0,4.5703125,7.486994327496642,0.0,0.0,596.7197802197802,122.36355311355311,2.2405928871641927,,22.679505463483697
10466,5.0,1.0,100.0,20.0,4.5703125,7.486994327496642,0.0,0.0,597.6309523809523,122.72802197802197,2.2402450802307565,,22.703856938499293
10500,5.0,1.0,100.0,20.0,4.5703125,7.486994327496642,0.0,0.0,597.8131868131868,122.36355311355311,2.2402450802307565,,22.728194735006372
10533,5.0,1.0,100.0,20.0,4.5703125,7.486994327496642,0.0,0.0,597.8131868131868,121.81684981684982,2.2408858880864053,,22.752457616540806
10566,5.0,1.0,100.0,20.0,4.5703125,7.486994327496642,0.0,0.0,597.6309523809523,122.54578754578755,2.2404960315084153,,22.77680462247085
10600,5.0,1.0,100.0,20.0,4.5703125,7.486994327496642,0.0,0.0,598.3598901098901,122.72802197802197,2.2404819999377827,,22.801000542094922
10633,5.0,1.0,100.0,20.0,4.5703125,7.486994327496642,0.0,0.0,598.5421245421245,122.36355311355311,2.2404819999377827,,22.825394889416923
10666,5.0,1.0,100.0,20.0,4.5703125,7.486994327496642,0.0,0.0,597.8131868131868,123.45695970695971,2.2411053341218845,,22.849695849690804
10700,5.0,1.0,100.0,20.0,4.5703125,7.486994327496642,0.0,0.0,599.2710622710623,122.18131868131869,2.2404819999377827,,22.873956516734765
10733,5.0,1.0,100.0,20.0,4.5703125,7.486994327496642,0.0,0.0,597.9954212454213,121.99908424908426,2.240467968498964,,22.898232185731224
10766,5.0,1.0,100.0,20.0,4.5703125,7.486994327496642,0.0,0.0,597.8131868131868,122.54578754578755,2.240467968498964,,22.922574398094977
10800,5.0,1.0,100.0,20.0,4.5703125,7.486994327496642,0.0,0.0,598.7243589743589,123.27472527472527,2.2409687328802343,,22.946887092179775
10833,5.0,1.0,100.0,20.0,4.5703125,7.486994327496642,0.0,0.0,599.4532967032967,123.27472527472527,2.2403885735721825,,22.971206983906633
10866,5.0,1.0,100.0,20.0,4.5703125,7.486994327496642,0.0,0.0,598.1776556776557,122.18131868131869,2.2406524411093343,,22.99546224925561
10900,5.0,1.0,100.0,20.0,4.5703125,7.486994327496642,0.0,0.0,598.9065934065934,122.72802197802197,2.2405170220715394,,23.019817843355327
10933,5.0,1.0,100.0,20.0,4.5703125,7.486994327496642,0.0,0.0,599.4532967032967,122.18131868131869,2.2405170220715394,,23.04406182041647
10966,5.0,1.0,100.0,20.0,4.5703125,7.486994327496642,0.0,0.0,597.8131868131868,122.18131868131869,2.240450514941951,,23.068461002138537
11000,5.0,1.0,100.0,20.0,4.5703125,7.486994327496642,0.0,0.0,598.7243589743589,122.36355311355311,2.2401132336386826,,23.092678026871948
11033,5.0,1.0,100.0,20.0,4.5703125,7.486994327496642,0.0,0.0,598.1776556776557,122.72802197802197,2.2407013866463923,,23.117011408252182
11066,5.0,1.0,100.0,20.0,4.5703125,7.486994327496642,0.0,0.0,598.9065934065934,122.36355311355311,2.2407013866463923,,23.141348731527668
11100,5.0,1.0,100.0,20.0,4.5703125,7.486994327496642,0.0,0.0,598.5421245421245,122.91025641025641,2.2403396382842713,,23.16569341504983
11133,5.0,1.0,100.0,20.0,4.5703125,7.486994327496642,0.0,0.0,596.3553113553114,122.36355311355311,2.2403675848141056,,23.18990344558024
11166,5.0,1.0,100.0,20.0,4.5703125,7.486994327496642,0.0,0.0,599.8177655677656,122.54578754578755,2.2404819999377827,,23.214224862731474
11200,5.0,1.0,100.0,20.0,4.5703125,7.486994327496642,0.0,0.0,597.9954212454213,121.99908424908426,2.2404819999377827,,23.238548062704524
11233,5.0,1.0,100.0,20.0,4.5703125,7.486994327496642,0.0,0.0,598.9065934065934,122.18131868131869,2.240764481977557,,23.262919022613257
11266,5.0,1.0,100.0,20.0,4.5703125,7.486994327496642,0.0,0.0,597.4487179487179,121.99908424908426,2.2407013866463923,,23.28714038226528
11300,5.0,1.0,100.0,20.0,4.5703125,7.486994327496642,0.0,0.0,597.9954212454213,122.54578754578755,2.240374657080075,,23.311527343819577
11333,5.0,1.0,100.0,20.0,4.5703125,7.486994327496642,0.0,0.0,600.0,121.99908424908426,2.240374657080075,,23.3357571151819
11366,5.0,1.0,100.0,20.0,4.5703125,7.486994327496642,0.0,0.0,599.2710622710623,122.91025641025641,2.240826324833959,,23.360035849611368
11400,5.0,1.0,100.0,20.0,4.5703125,7.486994327496642,0.0,0.0,597.0842490842491,122.72802197802197,2.2403325661841187,,23.38441561352427
11433,5.0,1.0,100.0,20.0,4.5703125,7.486994327496642,0.0,0.0,598.9065934065934,123.27472527472527,2.240430666046538,,23.40868584072179
11466,5.0,1.0,100.0,20.0,4.5703125,7.486994327496642,0.0,0.0,598.7243589743589,124.18589743589743,2.240430666046538,,23.433036897922825
11500,5.0,1.0,100.0,20.0,4.5703125,7.486994327496642,0.0,0.0,599.0888278388278,121.99908424908426,2.2406873531466007,,23.45725608318866
11533,5.0,1.0,100.0,20.0,4.5703125,7.486994327496642,0.0,0.0,598.5421245421245,122.72802197802197,2.2403396382842713,,23.481568223833296
11566,5.0,1.0,100.0,20.0,4.5703125,7.486994327496642,0.0,0.0,599.2710622710623,122.54578754578755,2.240559004082744,,23.505880553333075
11600,5.0,1.0,100.0,20.0,4.5703125,7.486994327496642,0.0,0.0,599.8177655677656,123.27472527472527,2.240559004082744,,23.530177233376545
11633,5.0,1.0,100.0,20.0,4.5703125,7.486994327496642,0.0,0.0,597.4487179487179,122.36355311355311,2.2407574078656496,,23.554509480167276
11666,5.0,1.0,100.0,20.0,4.5703125,7.486994327496642,0.0,0.0,598.1776556776557,122.36355311355311,2.2405730363767695,,23.578846750213547
11700,5.0,1.0,100.0,20.0,4.5703125,7.486994327496642,0.0,0.0,599.2710622710623,122.72802197802197,2.241247768766631,,23.603163346818807
11733,5.0,1.0,100.0,20.0,4.5703125,7.486994327496642,0.0,0.0,598.5421245421245,122.91025641025641,2.241247768766631,,23.627400032904397
11766,5.0,1.0,100.0,20.0,4.5703125,7.486994327496642,0.0,0.0,596.9020146520146,124.00366300366301,2.241808394660271,,23.65181132687716
11800,5.0,1.0,100.0,20.0,4.5703125,7.486994327496642,0.0,0.0,598.1776556776557,122.18131868131869,2.2408227876273874,,23.67602871619592
11833,5.0,1.0,100.0,20.0,4.5703125,7.486994327496642,0.0,0.0,597.4487179487179,122.72802197802197,2.240485422259929,,23.700426466556266
11866,5.0,1.0,100.0,20.0,4.5703125,7.486994327496642,0.0,0.0,597.8131868131868,123.82142857142857,2.240485422259929,,23.724649837989528
11900,5.0,1.0,100.0,20.0,4.5703125,7.486994327496642,0.0,0.0,597.8131868131868,122.18131868131869,2.240736413924315,,23.749002596345484
11933,5.0,1.0,100.0,20.0,4.5703125,7.486994327496642,0.0,0.0,599.0888278388278,122.91025641025641,2.2404960315084153,,23.773266031320077
11966,5.0,1.0,100.0,20.0,4.5703125,7.486994327496642,0.0,0.0,597.8131868131868,122.72802197802197,2.24026960315579,,23.7976115380756
12000,5.0,1.0,100.0,20.0,4.5703125,7.486994327496642,0.0,0.0,597.6309523809523,121.99908424908426,2.2405799955308345,,23.821939747449765
12033,5.0,1.0,100.0,20.0,4.5703125,7.486994327496642,0.0,0.0,597.9954212454213,124.18589743589743,2.2405799955308345,,23.846247675676786
12066,5.0,1.0,100.0,20.0,4.5703125,7.486994327496642,0.0,0.0,597.9954212454213,122.54578754578755,2.240488958667718,,23.87054918939116
12100,5.0,1.0,100.0,20.0,4.5703125,7.486994327496642,0.0,0.0,598.9065934065934,122.72802197802197,2.240634871307725,,23.894860006591486
12133,5.0,1.0,100.0,20.0,4.5703125,7.48708140676631,0.0,0.02412946387516198,597.6309523809523,122.36355311355311,2.240474927163529,,23.919433765368517
12166,5.0,1.0,100.0,20.0,4.5703125,7.489738002411191,0.0,0.13544301410179624,597.2664835164835,120.72344322344324,2.240474927163529,,23.945246990260294
12200,5.0,1.0,100.0,20.0,4.5703125,7.496085227511524,0.0,0.24654359489483535,598.9065934065934,122.54578754578755,2.2404644321408718,,23.971617918978097
12233,5.0,1.0,100.0,20.0,4.5703125,7.5061651606602915,0.0,0.3580228764189848,596.9020146520146,122.54578754578755,2.2404960315084153,,23.99871942866357
12266,5.0,1.0,100.0,20.0,4.5703125,7.519948840149656,0.0,0.46940502056133515,597.8131868131868,122.91025641025641,2.2405170220715394,,24.026469010370892
12300,5.0,1.0,100.0,20.0,4.5703125,7.537529175868232,0.0,0.5812805173662982,596.9020146520146,124.00366300366301,2.2405170220715394,,24.055048925017964
12333,5.0,1.0,100.0,20.0,4.5703125,7.558742995837392,0.0,0.6926234735812064,598.1776556776557,124.00366300366301,2.240415494367563,,24.084227003884042
12366,5.0,1.0,100.0,20.0,4.5703125,7.583656019679212,0.0,0.8039286025149578,597.9954212454213,122.18131868131869,2.2404084219082248,,24.114158494435465
12400,5.0,1.0,100.0,20.0,4.5703125,7.612348613565175,0.0,0.915503222830418,598.7243589743589,122.91025641025641,2.240552045026476,,24.144959742852766
12433,5.0,1.0,100.0,20.0,4.5703125,7.644654203356713,0.0,1.0267172854669275,598.7243589743589,122.91025641025641,2.240552045026476,,24.17648598814713
12466,5.0,1.0,100.0,20.0,4.5703125,7.680782954975503,0.0,1.1382939484218324,597.8131868131868,121.0879120879121,2.240638408069358,,24.208974146359544
12500,5.0,1.0,100.0,20.0,4.5703125,7.7205012727415205,0.0,1.2495112906488168,597.2664835164835,122.91025641025641,2.2405029903037215,,24.242243900802343
12533,5.0,1.0,100.0,20.0,4.5703125,7.764091559538308,0.0,1.3611512219464446,597.2664835164835,123.27472527472527,2.2403535544500905,,24.27656214114812
12566,5.0,1.0,100.0,20.0,4.5703125,7.811402347968094,0.0,1.4727738860848787,597.0842490842491,122.36355311355311,2.2403535544500905,,24.311829073623993
12600,5.0,1.0,100.0,20.0,4.5703125,7.862273864227048,0.0,1.5840457677958626,597.0842490842491,121.99908424908426,2.2410352630860544,,24.34796488924193
12633,5.0,1.0,100.0,20.0,4.5703125,7.916767297137292,0.0,1.6951566286506439,597.0842490842491,123.45695970695971,2.240374657080075,,24.38505552582466
12666,5.0,1.0,100.0,20.0,4.5703125,7.975182070182045,0.0,1.8066903259650577,597.6309523809523,122.54578754578755,2.2406944269267655,,24.423331618977276
12700,5.0,1.0,100.0,20.0,4.5703125,8.037363010157582,0.0,1.91830271004175,598.5421245421245,123.27472527472527,2.2406944269267655,,24.462712449278303
12733,5.0,1.0,100.0,20.0,4.5703125,8.103088406915397,0.0,2.029615641792109,597.6309523809523,124.36813186813187,2.2407912954477855,,24.50309141700999
12766,5.0,1.0,100.0,20.0,4.5703125,8.172621958718146,0.0,2.141087615280671,597.8131868131868,123.09249084249085,2.240552045026476,,24.54466484284904
12800,5.0,1.0,100.0,20.0,4.5703125,8.245741100400034,0.0,2.2523646988709136,598.9065934065934,122.72802197802197,2.2403325661841187,,24.587330110120103
12833,5.0,1.0,100.0,20.0,4.5703125,8.322915893566378,0.0,2.364139223747252,599.2710622710623,123.82142857142857,2.2403325661841187,,24.631390493130436
12866,5.0,1.0,100.0,20.0,4.5703125,8.403480922492369,0.0,2.4754453455845975,597.8131868131868,122.36355311355311,2.240826324833959,,24.676493870044485
12900,5.0,1.0,100.0,20.0,4.5703125,8.48778096981817,0.0,2.586789167664771,597.0842490842491,122.91025641025641,2.2404026042651624,,24.722870596534133
12933,5.0,1.0,100.0,20.0,4.5703125,8.57616194924028,0.0,2.6985945862139973,598.1776556776557,122.36355311355311,2.2405799955308345,,24.770738247209714
12966,5.0,1.0,100.0,20.0,4.5703125,8.667980049881823,0.0,2.81004068069223,597.0842490842491,121.6346153846154,2.2405799955308345,,24.81977544710064
13000,5.0,1.0,100.0,20.0,4.5703125,8.76337932216802,0.0,2.9213334300925387,597.2664835164835,121.81684981684982,2.2416132761841756,,24.870095265332374
13033,5.0,1.0,100.0,20.0,4.5703125,8.862749589313635,0.0,3.0329194403809216,597.6309523809523,122.54578754578755,2.240638408069358,,24.921934813438472
13066,5.0,1.0,100.0,20.0,4.5703125,8.965227876247432,0.0,3.143849957205526,597.0842490842491,122.18131868131869,2.2405730363767695,,24.974873706353833
13100,5.0,1.0,100.0,20.0,4.5703125,9.071916889532247,0.0,3.2553246553266915,597.8131868131868,121.99908424908426,2.2407574078656496,,25.029517873891137
13133,5.0,1.0,100.0,20.0,4.5703125,9.182544139359267,0.0,3.367018945580807,596.7197802197802,122.36355311355311,2.2407574078656496,,25.08575291725896
13166,5.0,1.0,100.0,20.0,4.5703125,9.296545809891956,0.0,3.4783698283090985,597.9954212454213,123.09249084249085,2.2404364837989017,,25.14332152636512
13200,5.0,1.0,100.0,20.0,4.5703125,9.414287019152047,0.0,3.5897493113357286,597.2664835164835,122.72802197802197,2.240552045026476,,25.202442131049477
13233,5.0,1.0,100.0,20.0,4.5703125,9.53612300213328,0.0,3.701475668693838,597.9954212454213,122.36355311355311,2.2404434423167845,,25.26332400722154
13266,5.0,1.0,100.0,20.0,4.5703125,9.66107044939113,0.0,3.812656300238515,596.9020146520146,124.36813186813187,2.2404434423167845,,25.325503325828592
13300,5.0,1.0,100.0,20.0,4.5703125,9.79040705213312,0.0,3.924426181535019,597.4487179487179,122.72802197802197,2.240559004082744,,25.389652256805665
13333,5.0,1.0,100.0,20.0,4.5703125,9.922766246612928,0.0,4.035604459531337,597.8131868131868,123.09249084249085,2.240544971920541,,25.455118153639685
13366,5.0,1.0,100.0,20.0,4.5703125,10.059486918143026,0.0,4.147318126447089,597.8131868131868,121.99908424908426,2.240666360189784,,25.52260008861242
13400,5.0,1.0,100.0,20.0,4.5703125,10.199555987950227,0.0,4.258729863791372,598.3598901098901,122.36355311355311,2.240666360189784,,25.591624304597328
13433,5.0,1.0,100.0,20.0,4.5703125,10.342395426404353,0.0,4.295263407482689,597.6309523809523,122.18131868131869,2.2408122901604224,,25.661470426137676
13466,5.0,1.0,100.0,20.0,4.5703125,10.48522791658149,0.0,4.295263407482689,597.6309523809523,122.54578754578755,2.240552045026476,,25.732068191870674
13500,5.0,1.0,100.0,20.0,4.5703125,10.628915877190995,0.0,4.295263407482689,597.2664835164835,122.91025641025641,2.2405029903037215,,25.804290476587248
13533,5.0,1.0,100.0,20.0,4.5703125,10.77193783573264,0.0,4.295263407482689,597.0842490842491,122.72802197802197,2.2405029903037215,,25.877368578762827
13566,5.0,1.0,100.0,20.0,4.5703125,10.914568371215722,0.0,4.295263407482689,597.9954212454213,122.72802197802197,2.240792436457195,,25.951430744650402
13600,5.0,1.0,100.0,20.0,4.5703125,11.058113952433555,0.0,4.295263407482689,597.2664835164835,122.54578754578755,2.2406279118979944,,26.027167361724636
13633,5.0,1.0,100.0,20.0,4.5703125,11.20148573440811,0.0,4.295263407482689,597.4487179487179,122.72802197802197,2.2403396382842713,,26.104008683153705
13666,5.0,1.0,100.0,20.0,4.5703125,11.344529405507142,0.0,4.295263407482689,598.3598901098901,123.09249084249085,2.2403396382842713,,26.18186508425013
13700,5.0,1.0,100.0,20.0,4.5703125,11.487561148658877,0.0,4.295263407482689,598.1776556776557,123.63919413919413,2.2410317253847496,,26.260905728017566
13733,5.0,1.0,100.0,20.0,4.5703125,11.630523845451007,0.0,4.295263407482689,597.0842490842491,122.72802197802197,2.2405380129296475,,26.34109780166127
13766,5.0,1.0,100.0,20.0,4.5703125,11.774073563006729,0.0,4.295263407482689,596.9020146520146,123.27472527472527,2.2405309398901587,,26.42281852761666
13800,5.0,1.0,100.0,20.0,4.5703125,11.917083112532751,0.0,4.295263407482689,597.8131868131868,123.27472527472527,2.2405309398901587,,26.50542210929088
13833,5.0,1.0,100.0,20.0,4.5703125,12.059997453249071,0.0,4.295263407482689,598.9065934065934,123.27472527472527,2.2408858880864053,,26.589159478436287
13866,5.0,1.0,100.0,20.0,4.5703125,12.203534761791124,0.0,4.295263407482689,596.7197802197802,122.54578754578755,2.2403675848141056,,26.674461028616026
13900,5.0,1.0,100.0,20.0,4.5703125,12.346403920632884,0.0,4.295263407482689,597.0842490842491,122.54578754578755,2.240638408069358,,26.76055353925135
13933,5.0,1.0,100.0,20.0,4.5703125,12.489803381283156,0.0,4.295263407482689,597.6309523809523,125.09706959706959,2.240638408069358,,26.848162473313977
13966,5.0,1.0,100.0,20.0,4.5703125,12.633269895292356,0.0,4.295263407482689,597.4487179487179,122.36355311355311,2.240920805579909,,26.93701035794788
14000,5.0,1.0,100.0,20.0,4.5703125,12.77597981583411,0.0,4.295263407482689,598.5421245421245,121.99908424908426,2.2406208384328057,,27.026575071703657
14033,5.0,1.0,100.0,20.0,4.5703125,12.919159505038621,0.0,4.295263407482689,598.5421245421245,121.99908424908426,2.240608060645113,,27.11762781159576
14066,5.0,1.0,100.0,20.0,4.5703125,13.062809203442008,0.0,4.295263407482689,598.5421245421245,121.6346153846154,2.240608060645113,,27.210180492020424
14100,5.0,1.0,100.0,20.0,4.5703125,13.205400128004896,0.0,4.295263407482689,598.1776556776557,122.54578754578755,2.2411193715486077,,27.30323441707669
14133,5.0,1.0,100.0,20.0,4.5703125,13.348846596020817,0.0,4.295263407482689,598.7243589743589,122.54578754578755,2.2406068056897155,,27.398044314334367
14166,5.0,1.0,100.0,20.0,4.5703125,13.492098986852547,0.0,4.295263407482689,598.3598901098901,122.72802197802197,2.2407993966334625,,27.493920349159527
14200,5.0,1.0,100.0,20.0,4.5703125,13.635559457425584,0.0,4.295263407482689,598.3598901098901,122.72802197802197,2.2411332949801954,,27.591133531549403
14233,5.0,1.0,100.0,20.0,4.5703125,13.778433865080364,0.0,4.295263407482689,597.0842490842491,120.72344322344324,2.2411332949801954,,27.689137696541646
14266,5.0,1.0,100.0,20.0,4.5703125,13.921245596248268,0.0,4.295263407482689,596.3553113553114,122.54578754578755,2.2406208384328057,,27.788285943327264
14300,5.0,1.0,100.0,20.0,4.5703125,14.064571882793441,0.0,4.295263407482689,598.7243589743589,122.36355311355311,2.240666360189784,,27.888987068558322
14333,5.0,1.0,100.0,20.0,4.5703125,14.207676482204144,0.0,4.295263407482689,599.8177655677656,122.18131868131869,2.240920805579909,,27.990724384515367
14366,5.0,1.0,100.0,20.0,4.5703125,14.350828252196823,0.0,4.295263407482689,598.5421245421245,121.45238095238096,2.240920805579909,,28.093687969583634
14400,5.0,1.0,100.0,20.0,4.5703125,14.494279260305028,0.0,4.295263407482689,596.5375457875458,121.99908424908426,2.240613879088454,,28.198064510997263
14433,5.0,1.0,100.0,20.0,4.5703125,14.637614214689942,0.0,4.295263407482689,596.5375457875458,122.18131868131869,2.2403256081827787,,28.303552399100152
14466,5.0,1.0,100.0,20.0,4.5703125,14.78101980038747,0.0,4.295263407482689,597.2664835164835,123.09249084249085,2.241523317907398,,28.4102892360313
14500,5.0,1.0,100.0,20.0,4.5703125,14.923744432207076,0.0,4.295263407482689,596.7197802197802,121.81684981684982,2.241523317907398,,28.51770486567693
14533,5.0,1.0,100.0,20.0,4.5703125,15.06724618455573,0.0,4.295263407482689,597.6309523809523,122.36355311355311,2.241571264538316,,28.626903935413647
14566,5.0,1.0,100.0,20.0,4.5703125,15.210141114978846,0.0,4.295263407482689,596.7197802197802,123.09249084249085,2.240750447885014,,28.736829696067684
14600,5.0,1.0,100.0,20.0,4.5703125,15.35366792589486,0.0,4.295263407482689,598.1776556776557,123.27472527472527,2.240544971920541,,28.848440539727708
14633,5.0,1.0,100.0,20.0,4.5703125,15.49647170223702,0.0,4.295263407482689,597.8131868131868,122.91025641025641,2.240544971920541,,28.96067607181519
14666,5.0,1.0,100.0,20.0,4.5703125,15.639710172120772,0.0,4.295263407482689,597.8131868131868,122.54578754578755,2.240934841272942,,29.074447427293958
14700,5.0,1.0,100.0,20.0,4.5703125,15.782766579100333,0.0,4.281332124920055,598.1776556776557,122.54578754578755,2.2406803934923563,,29.189144949860175
14733,5.0,1.0,100.0,20.0,4.5703125,15.92398277108451,0.0,4.169604590787766,597.2664835164835,122.18131868131869,2.240750447885014,,29.30407071668176
14766,5.0,1.0,100.0,20.0,4.5703125,16.060767228420936,0.0,4.058451880891343,597.2664835164835,122.72802197802197,2.240750447885014,,29.41898638828831
14800,5.0,1.0,100.0,20.0,4.5703125,16.194151646691314,0.0,3.947048808885858,597.9954212454213,120.5412087912088,2.2412337301335516,,29.534715876224094
14833,5.0,1.0,100.0,20.0,4.5703125,16.324102609285582,0.0,3.8354026861499717,596.9020146520146,121.81684981684982,2.2406803934923563,,29.651224141532932
14866,5.0,1.0,100.0,20.0,4.5703125,16.450023764608474,0.0,3.7240270410132412,596.7197802197802,122.91025641025641,2.240771442023579,,29.767941667935382
14900,5.0,1.0,100.0,20.0,4.5703125,16.57224260262191,0.0,3.612643843791966,597.9954212454213,122.54578754578755,2.240771442023579,,29.88512847909167
14933,5.0,1.0,100.0,20.0,4.5703125,16.690886617140148,0.0,3.5011306363934436,597.8131868131868,122.36355311355311,2.2411053341218845,,30.00288382885866
14966,5.0,1.0,100.0,20.0,4.5703125,16.805430005117408,0.0,3.389993157704437,596.5375457875458,122.54578754578755,2.2406873531466007,,30.120639249981252
15000,5.0,1.0,100.0,20.0,4.5703125,16.916524733939944,0.0,3.2786048822991587,598.3598901098901,121.99908424908426,2.2406243751612127,,30.239029715653817
15033,5.0,1.0,100.0,20.0,4.5703125,17.024460004950267,0.0,3.1666340433613316,596.7197802197802,120.72344322344324,2.2406243751612127,,30.358382063235624
15066,5.0,1.0,100.0,20.0,4.5703125,17.12807369849945,0.0,3.055288426030703,596.5375457875458,121.6346153846154,2.241112295756051,,30.477372878551275
15100,5.0,1.0,100.0,20.0,4.5703125,17.22791464129322,0.0,2.9440157954620414,598.1776556776557,122.54578754578755,2.2406208384328057,,30.59656075168828
15133,5.0,1.0,100.0,20.0,4.5703125,17.324054059885743,0.0,2.832740694335913,598.5421245421245,122.91025641025641,2.240666360189784,,30.71599570802718
15166,5.0,1.0,100.0,20.0,4.5703125,17.41689264078438,0.0,2.7209705623058245,596.5375457875458,121.81684981684982,2.240666360189784,,30.836178683762782
15200,5.0,1.0,100.0,20.0,4.5703125,17.50567069950768,0.0,2.6096151630375486,598.1776556776557,121.81684981684982,2.241077259664093,,30.956097580244943
15233,5.0,1.0,100.0,20.0,4.5703125,17.59072487152944,0.0,2.498279511516674,597.6309523809523,122.54578754578755,2.2409966911821453,,31.0761471292125
15266,5.0,1.0,100.0,20.0,4.5703125,17.672129708686693,0.0,2.3868619538183764,597.4487179487179,122.54578754578755,2.240829862048905,,31.196406464351103
15300,5.0,1.0,100.0,20.0,4.5703125,17.749836485675964,0.0,2.2754220474338083,597.6309523809523,122.91025641025641,2.240829862048905,,31.3167803368961
15333,5.0,1.0,100.0,20.0,4.5703125,17.823788387111176,0.0,2.1640441122671223,598.7243589743589,122.72802197802197,2.240878813399571,,31.43714645995126
15366,5.0,1.0,100.0,20.0,4.5703125,17.894158587257152,0.0,2.0524561830345496,597.4487179487179,122.18131868131869,2.240899809342198,,31.557768566533998
15400,5.0,1.0,100.0,20.0,4.5703125,17.960628023009562,0.0,1.941171607536614,597.9954212454213,121.99908424908426,2.2408053299240818,,31.678059494987014
15433,5.0,1.0,100.0,20.0,4.5703125,18.023439233081415,0.0,1.8298026486176413,596.9020146520146,122.36355311355311,2.240840245534708,,31.79840844926412
15466,5.0,1.0,100.0,20.0,4.5703125,18.082668963903494,0.0,1.7181835783216706,597.8131868131868,123.27472527472527,2.240840245534708,,31.91896368872739
15500,5.0,1.0,100.0,20.0,4.5703125,18.138094415296287,0.0,1.6067259033122612,596.7197802197802,122.18131868131869,2.2406873531466007,,32.03924878077602
15533,5.0,1.0,100.0,20.0,4.5703125,18.189770747398274,0.0,1.495342395182072,595.9908424908424,122.36355311355311,2.2406944269267655,,32.159327425770904
15566,5.0,1.0,100.0,20.0,4.5703125,18.237652290444448,0.0,1.3841612688578953,596.9020146520146,122.91025641025641,2.2408332851681183,,32.27903085270032
15600,5.0,1.0,100.0,20.0,4.5703125,18.282039419548568,0.0,1.2724466090385496,598.3598901098901,123.27472527472527,2.2408332851681183,,32.399120896187135
15633,5.0,1.0,100.0,20.0,4.5703125,18.322499752534675,0.0,1.1612896901679823,597.6309523809523,122.18131868131869,2.2409488770978414,,32.518391927618666
15666,5.0,1.0,100.0,20.0,4.5703125,18.359486116256946,0.0,1.0494259544201874,597.0842490842491,122.54578754578755,2.240836822399546,,32.63817108459855
15700,5.0,1.0,100.0,20.0,4.5703125,18.392574649749292,0.0,0.9381138885350935,597.6309523809523,122.72802197802197,2.2408473200389,,32.75707765043084
15733,5.0,1.0,100.0,20.0,4.5703125,18.4219983205858,0.0,0.8266344866587629,597.6309523809523,123.09249084249085,2.2408473200389,,32.87585106899068
15766,5.0,1.0,100.0,20.0,4.5703125,18.447709192844705,0.0,0.7151335986183529,597.2664835164835,122.91025641025641,2.2409138448379706,,32.994303989251065
15800,5.0,1.0,100.0,20.0,4.5703125,18.469677547473502,0.0,0.6037638975293703,598.7243589743589,122.91025641025641,2.240764481977557,,33.11224366210764
15833,5.0,1.0,100.0,20.0,4.5703125,18.487938874611483,0.0,0.49237345579091235,597.2664835164835,122.72802197802197,2.24038161530992,,33.22980074552862
15866,5.0,1.0,100.0,20.0,4.5703125,18.50248556951629,0.0,0.38101081200545334,598.7243589743589,121.99908424908426,2.24038161530992,,33.346893122427446
15900,5.0,1.0,100.0,20.0,4.5703125,18.51332266234605,0.0,0.2696480445247392,597.9954212454213,121.45238095238096,2.2408053299240818,,33.463519435619155
15933,5.0,1.0,100.0,20.0,4.5703125,18.52045686183454,0.0,0.15814313472384428,598.1776556776557,121.81684981684982,2.2409558380030066,,33.57979658851867
15966,5.0,1.0,100.0,20.0,4.5703125,18.52387494314191,0.0,0.04642426593035429,597.4487179487179,122.36355311355311,2.240920805579909,,33.69576594247493
16000,5.0,1.0,100.0,20.0,4.5703125,18.525205715938156,0.0,0.10372868230516274,598.7243589743589,122.18131868131869,2.240920805579909,,33.812818741077095
16033,5.0,1.0,100.0,20.0,4.5703125,18.531606769144002,0.0,0.2811698669171213,597.9954212454213,121.81684981684982,2.2408508573035593,,33.93164492468099
16066,5.0,1.0,100.0,20.0,4.5703125,18.543965366377783,0.0,0.4592582338029898,596.5375457875458,122.91025641025641,2.2404819999377827,,34.05189777294228
16100,5.0,1.0,100.0,20.0,4.5703125,18.56224822873537,0.0,0.637173021852401,596.3553113553114,122.36355311355311,2.2405799955308345,,34.17307629228981
16133,5.0,1.0,100.0,20.0,4.5703125,18.586442171170813,0.0,0.8149416039895546,597.9954212454213,122.54578754578755,2.2405799955308345,,34.29524569564846
16166,5.0,1.0,100.0,20.0,4.5703125,18.616566104798864,0.0,0.9927441635582347,597.2664835164835,121.6346153846154,2.2409138448379706,,34.41857825274175
16200,5.0,1.0,100.0,20.0,4.5703125,18.652580208007976,0.0,1.170383717891274,599.0888278388278,121.99908424908426,2.2407154202780224,,34.54298521036081
16233,5.0,1.0,100.0,20.0,4.5703125,18.694517872437007,0.0,1.3480568655460263,597.6309523809523,122.91025641025641,2.240764481977557,,34.668652385027016
16266,5.0,1.0,100.0,20.0,4.5703125,18.742351401747776,0.0,1.5256550270570834,597.8131868131868,122.18131868131869,2.240764481977557,,34.79555165660464
16300,5.0,1.0,100.0,20.0,4.5703125,18.7963500160715,0.0,1.7040447095625226,597.0842490842491,121.45238095238096,2.241003766427217,,34.92436069094012
16333,5.0,1.0,100.0,20.0,4.5703125,18.856014248051252,0.0,1.8815853724491058,597.4487179487179,122.36355311355311,2.2408508573035593,,35.05394147091038
16366,5.0,1.0,100.0,20.0,4.5703125,18.92184356276492,0.0,2.0597907157983357,598.5421245421245,122.36355311355311,2.2405730363767695,,35.18544837908158
16400,5.0,1.0,100.0,20.0,4.5703125,18.993368809494942,0.0,2.237383638521801,597.4487179487179,121.81684981684982,2.2405730363767695,,35.317986933379906
16433,5.0,1.0,100.0,20.0,4.5703125,19.07070808876245,0.0,2.4147602078700987,597.4487179487179,123.27472527472527,2.240613879088454,,35.451892058309056
16466,5.0,1.0,100.0,20.0,4.5703125,19.154496607617983,0.0,2.593271902903282,597.8131868131868,122.18131868131869,2.2405799955308345,,35.58824818370768
16500,5.0,1.0,100.0,20.0,4.5703125,19.24349607954713,0.0,2.7703159373016097,597.2664835164835,121.99908424908426,2.240259109575792,,35.72510660796272
16533,5.0,1.0,100.0,20.0,4.5703125,19.339193493201456,0.0,2.9488482780643754,598.1776556776557,124.00366300366301,2.240771442023579,,35.86480862875088
16566,5.0,1.0,100.0,20.0,4.5703125,19.440119919163003,0.0,3.1261083724213616,597.8131868131868,124.00366300366301,2.240771442023579,,36.00524012993527
16600,5.0,1.0,100.0,20.0,4.5703125,19.54750345099523,0.0,3.3042844703198484,598.3598901098901,123.09249084249085,2.2406279118979944,,36.14818427352433
16633,5.0,1.0,100.0,20.0,4.5703125,19.66085112687051,0.0,3.4824809205362595,597.6309523809523,122.91025641025641,2.2406803934923563,,36.29298405243383
16666,5.0,1.0,100.0,20.0,4.5703125,19.779467855535906,0.0,3.6596816384147495,597.4487179487179,122.18131868131869,2.2407154202780224,,36.43884506798724
16700,5.0,1.0,100.0,20.0,4.5703125,19.904351197409785,0.0,3.837411687193866,598.7243589743589,123.45695970695971,2.2407154202780224,,36.587068765914694
16733,5.0,1.0,100.0,20.0,4.5703125,20.03531186118589,0.0,4.015349297573298,598.3598901098901,121.45238095238096,2.240764481977557,,36.7374473050057
16766,5.0,1.0,100.0,20.0,4.5703125,20.172087571392954,0.0,4.193134374957514,596.9020146520146,122.54578754578755,2.240552045026476,,36.889725559974714
16800,5.0,1.0,100.0,20.0,4.5703125,20.314666557469543,0.0,4.370771165857094,597.2664835164835,122.36355311355311,2.2405380129296475,,37.04395129319723
16833,5.0,1.0,100.0,20.0,4.5703125,20.46405319631244,0.0,4.549454956649614,597.6309523809523,122.91025641025641,2.2405380129296475,,37.20123201896252
16866,5.0,1.0,100.0,20.0,4.5703125,20.61707944404391,0.0,4.599112384246359,597.2664835164835,120.72344322344324,2.2408192504291917,,37.35836512500607
16900,5.0,1.0,100.0,20.0,4.5703125,20.77041737385285,0.0,4.599112384246359,597.8131868131868,123.27472527472527,2.2405799955308345,,37.51639679091937
16933,5.0,1.0,100.0,20.0,4.5703125,20.923740821059468,0.0,4.599112384246359,597.8131868131868,122.72802197802197,2.2406279118979944,,37.67569139050206
16966,5.0,1.0,100.0,20.0,4.5703125,21.07697612167754,0.0,4.599112384246359,596.7197802197802,123.27472527472527,2.2406279118979944,,37.83617080135791
17000,5.0,1.0,100.0,20.0,4.5703125,21.230045173580393,0.0,4.599112384246359,599.4532967032967,123.63919413919413,2.240764481977557,,37.99774972682799
17033,5.0,1.0,100.0,20.0,4.5703125,21.383225965519788,0.0,4.599112384246359,598.1776556776557,122.18131868131869,2.2405170220715394,,38.16072208732459
17066,5.0,1.0,100.0,20.0,4.5703125,21.536488860811048,0.0,4.599112384246359,597.0842490842491,122.18131868131869,2.2407703010302056,,38.32505864981561
17100,5.0,1.0,100.0,20.0,4.5703125,21.68976717232921,0.0,4.599112384246359,597.9954212454213,121.81684981684982,2.2407703010302056,,38.4906888497411
17133,5.0,1.0,100.0,20.0,4.5703125,21.843026489511224,0.0,4.599112384246359,597.4487179487179,122.54578754578755,2.241003766427217,,38.65757531551984
17166,5.0,1.0,100.0,20.0,4.5703125,21.99612100669984,0.0,4.599112384246359,598.9065934065934,121.27014652014653,2.2405170220715394,,38.825556374458365
17200,5.0,1.0,100.0,20.0,4.5703125,22.150185932002632,0.0,4.599112384246359,598.5421245421245,122.72802197802197,2.240743373839565,,38.99589245068856
17233,5.0,1.0,100.0,20.0,4.5703125,22.303446182805047,0.0,4.599112384246359,597.4487179487179,123.27472527472527,2.240743373839565,,39.16661567529295
17266,5.0,1.0,100.0,20.0,4.5703125,22.456290393303576,0.0,4.599112384246359,597.2664835164835,124.18589743589743,2.2417838464645894,,39.33814533837118
17300,5.0,1.0,100.0,20.0,4.5703125,22.60940228134001,0.0,4.599112384246359,597.6309523809523,122.54578754578755,2.241523317907398,,39.51124973858403
17333,5.0,1.0,100.0,20.0,4.5703125,22.763138715040817,0.0,4.599112384246359,597.8131868131868,122.36355311355311,2.240360626649624,,39.68634498706928
17366,5.0,1.0,100.0,20.0,4.5703125,22.916125153087364,0.0,4.599112384246359,597.4487179487179,122.72802197802197,2.240360626649624,,39.86185829019219
17400,5.0,1.0,100.0,20.0,4.5703125,23.069757421493275,0.0,4.599112384246359,596.3553113553114,121.99908424908426,2.2408718528532847,,40.039395533012886
17433,5.0,1.0,100.0,20.0,4.5703125,23.223195165838888,0.0,4.599112384246359,597.4487179487179,122.91025641025641,2.2406009872739263,,40.2179877495883
17466,5.0,1.0,100.0,20.0,4.5703125,23.37643021350636,0.0,4.599112384246359,597.6309523809523,123.09249084249085,2.240423593515359,,40.39762042603939
17500,5.0,1.0,100.0,20.0,4.5703125,23.529693872250565,0.0,4.599112384246359,596.3553113553114,122.91025641025641,2.240423593515359,,40.57856350554703
17533,5.0,1.0,100.0,20.0,4.5703125,23.682850477456473,0.0,4.599112384246359,598.7243589743589,123.27472527472527,2.240785476313357,,40.760655277690375
17566,5.0,1.0,100.0,20.0,4.5703125,23.83646818507179,0.0,4.599112384246359,598.7243589743589,122.91025641025641,2.2405029903037215,,40.94457803544958
17600,5.0,1.0,100.0,20.0,4.5703125,23.98972358380967,0.0,4.599112384246359,598.1776556776557,122.54578754578755,2.240453937191958,,41.12934373512675
17633,5.0,1.0,100.0,20.0,4.5703125,24.14297651282731,0.0,4.599112384246359,597.0842490842491,121.6346153846154,2.2408718528532847,,41.315383141699385
17666,5.0,1.0,100.0,20.0,4.5703125,24.29627151912046,0.0,4.599112384246359,596.7197802197802,122.54578754578755,2.2408718528532847,,41.50275101299303
17700,5.0,1.0,100.0,20.0,4.5703125,24.449535095081515,0.0,4.599112384246359,598.3598901098901,121.81684981684982,2.240920805579909,,41.691357329740526
17733,5.0,1.0,100.0,20.0,4.5703125,24.600598546946465,0.0,4.44684153929165,598.5421245421245,123.09249084249085,2.2407013866463923,,41.879340052212164
17766,5.0,1.0,100.0,20.0,4.5703125,24.745832010285405,0.0,4.26905290358784,598.1776556776557,122.18131868131869,2.2405730363767695,,42.06744012133312
17800,5.0,1.0,100.0,20.0,4.5703125,24.885124328494175,0.0,4.091285313722846,596.9020146520146,123.27472527472527,2.2405730363767695,,42.25578971171976
17833,5.0,1.0,100.0,20.0,4.5703125,25.01834867884618,0.0,3.9137145144737517,597.6309523809523,121.81684981684982,2.240615019962356,,42.4441523342543
17866,5.0,1.0,100.0,20.0,4.5703125,25.14604213656228,0.0,3.735601644787439,597.4487179487179,122.54578754578755,2.240736413924315,,42.633265155446686
17900,5.0,1.0,100.0,20.0,4.5703125,25.267661543717818,0.0,3.5576798414592314,597.0842490842491,123.27472527472527,2.2406944269267655,,42.82229858442351
17933,5.0,1.0,100.0,20.0,4.5703125,25.38330137851923,0.0,3.3798301541461115,598.3598901098901,122.72802197802197,2.2406944269267655,,43.01132963955536
17966,5.0,1.0,100.0,20.0,4.5703125,25.492854940290567,0.0,3.2022423635126622,597.9954212454213,121.45238095238096,2.240982769023548,,43.200106652502164
18000,5.0,1.0,100.0,20.0,4.5703125,25.596568120478423,0.0,3.0245289113409988,599.0888278388278,122.91025641025641,2.2405380129296475,,43.38899328322881
18033,5.0,1.0,100.0,20.0,4.5703125,25.6942896069664,0.0,2.8469498164543436,597.0842490842491,122.36355311355311,2.240559004082744,,43.57766332678433
18066,5.0,1.0,100.0,20.0,4.5703125,25.786493915490926,0.0,2.6685834470838867,598.1776556776557,123.27472527472527,2.240559004082744,,43.76704795230207
18100,5.0,1.0,100.0,20.0,4.5703125,25.872539153168873,0.0,2.490635855266565,597.6309523809523,121.27014652014653,2.241432337696567,,43.95581407209802
18133,5.0,1.0,100.0,20.0,4.5703125,25.952422503516416,0.0,2.313210184291746,597.8131868131868,122.72802197802197,2.2408053299240818,,44.14380430455229
18166,5.0,1.0,100.0,20.0,4.5703125,26.026800043235124,0.0,2.1347975780910433,596.7197802197802,122.36355311355311,2.2406009872739263,,44.332569566804246
18200,5.0,1.0,100.0,20.0,4.5703125,26.09499927034686,0.0,1.9569620173635758,597.4487179487179,123.09249084249085,2.2406009872739263,,44.52040199085577
18233,5.0,1.0,100.0,20.0,4.5703125,26.157106067732414,0.0,1.7796190413369923,598.3598901098901,121.27014652014653,2.2412337301335516,,44.70734475873416
18266,5.0,1.0,100.0,20.0,4.5703125,26.213419885578986,0.0,1.6019352240557898,597.2664835164835,122.36355311355311,2.2405029903037215,,44.89422886994861
18300,5.0,1.0,100.0,20.0,4.5703125,26.263903237014144,0.0,1.4239234170840396,598.9065934065934,123.09249084249085,2.240750447885014,,45.08098892277556
18333,5.0,1.0,100.0,20.0,4.5703125,26.30843557797763,0.0,1.245959228659265,598.1776556776557,121.99908424908426,2.240750447885014,,45.26717977983981
18366,5.0,1.0,100.0,20.0,4.5703125,26.347001004233405,0.0,1.0681458981013177,598.1776556776557,121.99908424908426,2.240982769023548,,45.45264478423089
